/*
 Navicat Premium Data Transfer

 Source Server         : MySQL
 Source Server Type    : MySQL
 Source Server Version : 80030
 Source Host           : localhost:3306
 Source Schema         : recauction_db

 Target Server Type    : MySQL
 Target Server Version : 80030
 File Encoding         : 65001

 Date: 04/06/2023 21:45:27
*/

SET NAMES utf8mb4;
SET FOREIGN_KEY_CHECKS = 0;

-- ----------------------------
-- Table structure for address_data
-- ----------------------------
DROP TABLE IF EXISTS `address_data`;
CREATE TABLE `address_data`  (
  `address_id` int NOT NULL AUTO_INCREMENT,
  `address_detail` varchar(255) CHARACTER SET utf8mb4 COLLATE utf8mb4_0900_ai_ci NOT NULL,
  `district` int NOT NULL,
  `province` int NOT NULL,
  `ward` int NOT NULL,
  `supplier_id` int NULL DEFAULT NULL,
  `user_id` int NULL DEFAULT NULL,
  PRIMARY KEY (`address_id`) USING BTREE,
  INDEX `FKlc5iqp2scym7w0fmdup7a6use`(`supplier_id` ASC) USING BTREE,
  INDEX `FK6r0dekuhil5y75mlvmum8fv3f`(`user_id` ASC) USING BTREE,
  CONSTRAINT `FK6r0dekuhil5y75mlvmum8fv3f` FOREIGN KEY (`user_id`) REFERENCES `user` (`user_id`) ON DELETE RESTRICT ON UPDATE RESTRICT,
  CONSTRAINT `FKlc5iqp2scym7w0fmdup7a6use` FOREIGN KEY (`supplier_id`) REFERENCES `supplier` (`supplier_id`) ON DELETE RESTRICT ON UPDATE RESTRICT
) ENGINE = InnoDB AUTO_INCREMENT = 9 CHARACTER SET = utf8mb4 COLLATE = utf8mb4_0900_ai_ci ROW_FORMAT = Dynamic;

-- ----------------------------
-- Records of address_data
-- ----------------------------
INSERT INTO `address_data` VALUES (1, '41 Hai Bà Trưng', 760, 79, 26737, 1, NULL);
INSERT INTO `address_data` VALUES (2, '14 Đường số 4', 769, 79, 26827, NULL, 2);
INSERT INTO `address_data` VALUES (3, '315/1 Nguyễn Văn Linh', 785, 79, 27595, 2, NULL);
INSERT INTO `address_data` VALUES (4, '44 Lê Văn Chí', 866, 87, 29863, NULL, 3);
INSERT INTO `address_data` VALUES (5, '145/1 Hoàng Diệu 2', 769, 79, 26800, NULL, 3);
INSERT INTO `address_data` VALUES (6, 'Số 1 Võ Văn Ngân', 769, 79, 26800, NULL, 5);
INSERT INTO `address_data` VALUES (7, 'KTX Sư Phạm Kỹ Thuật', 769, 79, 26800, 3, NULL);
INSERT INTO `address_data` VALUES (8, '52 ho tung mau', 24, 2, 688, 4, NULL);

-- ----------------------------
-- Table structure for bid_img
-- ----------------------------
DROP TABLE IF EXISTS `bid_img`;
CREATE TABLE `bid_img`  (
  `imageId` bigint NOT NULL AUTO_INCREMENT,
  `image_file` varchar(255) CHARACTER SET utf8mb4 COLLATE utf8mb4_0900_ai_ci NULL DEFAULT NULL,
  `bid_id` int NULL DEFAULT NULL,
  PRIMARY KEY (`imageId`) USING BTREE,
  INDEX `FK4xpi2lyndeqb3sr3mg1ohk85k`(`bid_id` ASC) USING BTREE,
  CONSTRAINT `FK4xpi2lyndeqb3sr3mg1ohk85k` FOREIGN KEY (`bid_id`) REFERENCES `bids` (`bid_id`) ON DELETE RESTRICT ON UPDATE RESTRICT
) ENGINE = InnoDB AUTO_INCREMENT = 10 CHARACTER SET = utf8mb4 COLLATE = utf8mb4_0900_ai_ci ROW_FORMAT = Dynamic;

-- ----------------------------
-- Records of bid_img
-- ----------------------------
INSERT INTO `bid_img` VALUES (1, '', 1);
INSERT INTO `bid_img` VALUES (2, 'https://res.cloudinary.com/dddb8btv0/image/upload/v1685280703/zvrtiis65tsb5lbqgxbv.jpg', 2);
INSERT INTO `bid_img` VALUES (3, 'https://res.cloudinary.com/dddb8btv0/image/upload/v1685280927/zvyhdmtk6jzygxzualv6.jpg', 3);
INSERT INTO `bid_img` VALUES (4, 'https://res.cloudinary.com/dddb8btv0/image/upload/v1685281094/thun3pi9cf57q5k8owwp.jpg', 4);
INSERT INTO `bid_img` VALUES (5, 'https://res.cloudinary.com/dddb8btv0/image/upload/v1685377642/rpdp6lwa7nwjzvvafpuk.jpg', 5);
INSERT INTO `bid_img` VALUES (6, 'https://res.cloudinary.com/dddb8btv0/image/upload/v1685446792/ol9wsfrig8b1pbx4c4gr.jpg', 6);
INSERT INTO `bid_img` VALUES (7, 'https://res.cloudinary.com/dddb8btv0/image/upload/v1685885150/fujjzq3tiycp6qpnlpjs.jpg', 7);
INSERT INTO `bid_img` VALUES (8, 'https://res.cloudinary.com/dddb8btv0/image/upload/v1685885362/hzaeyrkijuiunqx8ofwb.jpg', 8);
INSERT INTO `bid_img` VALUES (9, 'https://res.cloudinary.com/dddb8btv0/image/upload/v1685885516/hb48gt8nezlzo1fgv0ig.jpg', 9);
INSERT INTO `bid_img` VALUES (10, 'https://res.cloudinary.com/dddb8btv0/image/upload/v1685887072/ywxowxytcjnrjon01dh0.jpg', 10);

-- ----------------------------
-- Table structure for bid_joins
-- ----------------------------
DROP TABLE IF EXISTS `bid_joins`;
CREATE TABLE `bid_joins`  (
  `id` bigint NOT NULL AUTO_INCREMENT,
  `price` double NOT NULL,
  `status` int NOT NULL,
  `time` datetime(6) NOT NULL,
  `bid_id` int NULL DEFAULT NULL,
  `product_id` int NULL DEFAULT NULL,
  PRIMARY KEY (`id`) USING BTREE,
  INDEX `FK4w9fiu9ifyfxbol009dx4if5v`(`bid_id` ASC) USING BTREE,
  INDEX `FK9t428k77ihffx8d5c5ssntd16`(`product_id` ASC) USING BTREE,
  CONSTRAINT `FK4w9fiu9ifyfxbol009dx4if5v` FOREIGN KEY (`bid_id`) REFERENCES `bids` (`bid_id`) ON DELETE RESTRICT ON UPDATE RESTRICT,
  CONSTRAINT `FK9t428k77ihffx8d5c5ssntd16` FOREIGN KEY (`product_id`) REFERENCES `product` (`product_id`) ON DELETE RESTRICT ON UPDATE RESTRICT
) ENGINE = InnoDB AUTO_INCREMENT = 4 CHARACTER SET = utf8mb4 COLLATE = utf8mb4_0900_ai_ci ROW_FORMAT = Dynamic;

-- ----------------------------
-- Records of bid_joins
-- ----------------------------
INSERT INTO `bid_joins` VALUES (1, 3500000, 3, '2023-05-28 20:39:50.423000', 2, 1);
INSERT INTO `bid_joins` VALUES (2, 3490000, 4, '2023-05-28 20:43:58.230000', 2, 3);
INSERT INTO `bid_joins` VALUES (3, 20900090, 4, '2023-05-29 23:28:55.517000', 5, 4);
INSERT INTO `bid_joins` VALUES (4, 10500000, 4, '2023-06-04 21:02:32.473000', 9, 7);

-- ----------------------------
-- Table structure for bids
-- ----------------------------
DROP TABLE IF EXISTS `bids`;
CREATE TABLE `bids`  (
  `bid_id` int NOT NULL AUTO_INCREMENT,
  `closing_price` double NULL DEFAULT NULL,
  `createDate` datetime(6) NOT NULL,
  `description` varchar(255) CHARACTER SET utf8mb4 COLLATE utf8mb4_0900_ai_ci NULL DEFAULT NULL,
  `end_date` datetime(6) NOT NULL,
  `isComplete` bit(1) NOT NULL,
  `product_key` varchar(255) CHARACTER SET utf8mb4 COLLATE utf8mb4_0900_ai_ci NOT NULL,
  `product_tag_str` varchar(255) CHARACTER SET utf8mb4 COLLATE utf8mb4_0900_ai_ci NULL DEFAULT NULL,
  `reserve_price` double NOT NULL,
  `start_date` datetime(6) NOT NULL,
  `category_id` int NULL DEFAULT NULL,
  `user_id` int NULL DEFAULT NULL,
  PRIMARY KEY (`bid_id`) USING BTREE,
  INDEX `FKgx7cyvcg8yv6qpa7wbjs4t511`(`category_id` ASC) USING BTREE,
  INDEX `FK7vmo0jujrrvxicldoljrtwthd`(`user_id` ASC) USING BTREE,
  CONSTRAINT `FK7vmo0jujrrvxicldoljrtwthd` FOREIGN KEY (`user_id`) REFERENCES `user` (`user_id`) ON DELETE RESTRICT ON UPDATE RESTRICT,
  CONSTRAINT `FKgx7cyvcg8yv6qpa7wbjs4t511` FOREIGN KEY (`category_id`) REFERENCES `category` (`category_id`) ON DELETE RESTRICT ON UPDATE RESTRICT
) ENGINE = InnoDB AUTO_INCREMENT = 10 CHARACTER SET = utf8mb4 COLLATE = utf8mb4_0900_ai_ci ROW_FORMAT = Dynamic;

-- ----------------------------
-- Records of bids
-- ----------------------------
INSERT INTO `bids` VALUES (1, NULL, '2023-05-28 20:13:28.046000', 'Chất lượng còn tốt, màn nguyên zin không xước quá 10%, pin chay <80%', '2023-05-30 20:13:28.046000', b'0', 'Iphone 14 2nd >80%', 'iPhone', 12990000, '2023-05-28 20:13:28.046000', 2, 2);
INSERT INTO `bids` VALUES (2, NULL, '2023-05-28 20:31:39.788000', 'Chức năng hoạt động bình thường chưa active', '2023-05-28 20:31:39.788000', b'1', 'Apple Watch Se 2022 Like New', 'Apple', 3540000, '2023-05-28 20:31:39.788000', 6, 3);
INSERT INTO `bids` VALUES (3, NULL, '2023-05-28 20:35:22.928000', 'Yêu cầu:\r\n+ Phiên bản màu đen/tím\r\n+ Tình trạng fullbox chưa active', '2023-05-31 20:35:22.928000', b'0', 'iPhone 13 128GB', 'Apple', 12000000, '2023-05-28 20:35:22.928000', 2, 3);
INSERT INTO `bids` VALUES (4, NULL, '2023-05-28 20:38:10.168000', 'Hàng chính hãng còn bảo hành', '2023-05-31 20:38:10.168000', b'0', 'Tai nghe Bluetooth Apple AirPods 2', 'Apple', 2900000, '2023-05-28 20:38:10.168000', 5, 3);
INSERT INTO `bids` VALUES (5, NULL, '2023-05-29 23:27:18.732000', 'Màn hình: 14\" ( 1366 x 768 ) HD;\r\nBộ vi xử lý: Intel Core i5-1235U ( 1.3 GHz - 4.4GHz / 12MB / 10 nhân, 12 luồng )', '2023-05-29 23:27:18.732000', b'1', 'Điện thoại Samsung S23 Ultra Cũ', 'Samsung', 21500000, '2023-05-28 23:27:18.732000', 3, 2);
INSERT INTO `bids` VALUES (6, NULL, '2023-05-30 18:39:47.436000', 'Iphone X khuyến mãi cái thẻ nhớ', '2023-06-04 18:39:47.436000', b'0', 'Iphone X', 'Apple', 6500000, '2023-05-30 18:39:47.436000', 2, 6);
INSERT INTO `bids` VALUES (7, NULL, '2023-06-04 20:25:46.332000', 'Không có', '2023-06-06 20:25:46.332000', b'0', 'Iphone 14 2nd ', 'Apple', 18000000, '2023-06-04 20:25:46.332000', 2, 2);
INSERT INTO `bids` VALUES (8, NULL, '2023-06-04 20:29:18.035000', 'Chất lượng đãm bảo hàng VN/A', '2023-06-06 20:29:18.035000', b'0', 'Iphone 14 Like New 80%', 'Apple', 12550000, '2023-06-04 20:29:18.035000', 2, 3);
INSERT INTO `bids` VALUES (9, NULL, '2023-06-04 20:31:52.200000', 'Còn bảo hành, màn hình không bị lỗi, ngoại hình như mới', '2023-06-04 20:31:52.200000', b'1', 'Samsung S23 Likenew VN/A 80%', 'Samsung', 12500000, '2023-06-04 20:31:52.200000', 3, 3);
INSERT INTO `bids` VALUES (10, NULL, '2023-06-04 20:57:47.447000', 'Không có chỉ cần dùng ổn', '2023-06-08 20:57:47.447000', b'0', 'Samsung S23 Likenew VN/A Mới', 'Samsung', 10000000, '2023-06-04 20:57:47.447000', 3, 2);

-- ----------------------------
-- Table structure for category
-- ----------------------------
DROP TABLE IF EXISTS `category`;
CREATE TABLE `category`  (
  `category_id` int NOT NULL AUTO_INCREMENT,
  `category_name` varchar(255) CHARACTER SET utf8mb4 COLLATE utf8mb4_0900_ai_ci NOT NULL,
  `detail` varchar(255) CHARACTER SET utf8mb4 COLLATE utf8mb4_0900_ai_ci NULL DEFAULT NULL,
  `image` varchar(255) CHARACTER SET utf8mb4 COLLATE utf8mb4_0900_ai_ci NULL DEFAULT NULL,
  PRIMARY KEY (`category_id`) USING BTREE
) ENGINE = InnoDB AUTO_INCREMENT = 7 CHARACTER SET = utf8mb4 COLLATE = utf8mb4_0900_ai_ci ROW_FORMAT = Dynamic;

-- ----------------------------
-- Records of category
-- ----------------------------
INSERT INTO `category` VALUES (1, 'Macbook', 'Macbook có lẽ là thương hiệu quá quen thuộc và được đông đảo người dùng yêu thích lựa chọn không chỉ bởi thiết kế sang trọng mà chúng còn mang đến cho người dùng những trải nghiệm cực kỳ mượt mà và ấn tượng.', 'https://cdn2.cellphones.com.vn/x,webp,q100/media/wysiwyg/laptop/macbook/Macbook-1-1644627973.jpg');
INSERT INTO `category` VALUES (2, 'IPhone', 'iPhone với hệ điều hành IOS của Apple luôn là mẫu điện thoại được người dùng đánh giá cao với cấu hình mạnh mẽ và độ hoàn thiện cao. ', 'https://cdn2.cellphones.com.vn/x,webp,q100/media/wysiwyg/mobile/apple/apple-iphone-cellphones.jpg');
INSERT INTO `category` VALUES (3, 'Samsung', 'Được sản xuất ngay tại Việt Nam với công nghệ đạt chuẩn quốc tế của Hàn Quốc', 'https://cdn2.cellphones.com.vn/x,webp,q100/media/wysiwyg/Phone/Samsung/dien-thoai-samsung-1.jpg');
INSERT INTO `category` VALUES (4, 'Laptop HP', 'Laptop HP là một trong những thương hiệu laptop hàng đầu thế giới hiện hay. Những chiếc máy tính xách tay của hãng luôn mang lại sự yên tâm cho người dùng bởi hiệu năng ổn định và chất lượng tốt qua từng năm tháng', 'https://cdn2.cellphones.com.vn/x,webp,q100/media/wysiwyg/laptop/HP/laptop-hp-1_1.jpg');
INSERT INTO `category` VALUES (5, 'Apple Airpods', 'Từ lâu nay, Apple đã trở thành một thương hiệu của sự đẳng cấp và sang trọng. Các sản phẩm của hãng có vẻ ngoài cuốn hút và chất lượng tuyệt vời, mang lại trải nghiệm đầy ấn tượng. Trong lĩnh vực nghe nhạc cũng vậy, những mẫu tai nghe', 'https://cdn2.cellphones.com.vn/x,webp,q100/media/wysiwyg/accessories/headphones/tai-nghe-apple-1.jpg');
INSERT INTO `category` VALUES (6, 'Apple Watch', 'Ngày nay, các thiết bị đeo tay đã trở nên thông minh hơn rất nhiều và được tích hợp nhiều công nghệ hiện đại giúp người dùng sinh hoạt, học tập, làm việc và giải trí tiện lợi hơn, dễ dàng hơn, đặc biệt là sản phẩm của những thương hiệu nổi tiếng như Apple', 'https://cdn2.cellphones.com.vn/x,webp,q100/media/wysiwyg/Watch/Apple/apple-watch-1.jpg');

-- ----------------------------
-- Table structure for commission
-- ----------------------------
DROP TABLE IF EXISTS `commission`;
CREATE TABLE `commission`  (
  `order_id` int NOT NULL AUTO_INCREMENT,
  `amount_from_buyer` double NOT NULL,
  `amount_from_supplier` double NOT NULL,
  PRIMARY KEY (`order_id`) USING BTREE
) ENGINE = InnoDB AUTO_INCREMENT = 1 CHARACTER SET = utf8mb4 COLLATE = utf8mb4_0900_ai_ci ROW_FORMAT = Dynamic;

-- ----------------------------
-- Records of commission
-- ----------------------------

-- ----------------------------
-- Table structure for delivery
-- ----------------------------
DROP TABLE IF EXISTS `delivery`;
CREATE TABLE `delivery`  (
  `delivery_id` int NOT NULL AUTO_INCREMENT,
  `discount` int NOT NULL,
  `name` varchar(255) CHARACTER SET utf8mb4 COLLATE utf8mb4_0900_ai_ci NOT NULL,
  PRIMARY KEY (`delivery_id`) USING BTREE
) ENGINE = InnoDB AUTO_INCREMENT = 2 CHARACTER SET = utf8mb4 COLLATE = utf8mb4_0900_ai_ci ROW_FORMAT = Dynamic;

-- ----------------------------
-- Records of delivery
-- ----------------------------
INSERT INTO `delivery` VALUES (1, 18000, 'Viettel Post');

-- ----------------------------
-- Table structure for hibernate_sequence
-- ----------------------------
DROP TABLE IF EXISTS `hibernate_sequence`;
CREATE TABLE `hibernate_sequence`  (
  `next_val` bigint NULL DEFAULT NULL
) ENGINE = InnoDB CHARACTER SET = utf8mb4 COLLATE = utf8mb4_0900_ai_ci ROW_FORMAT = Dynamic;

-- ----------------------------
-- Records of hibernate_sequence
-- ----------------------------
INSERT INTO `hibernate_sequence` VALUES (9);

-- ----------------------------
-- Table structure for orders
-- ----------------------------
DROP TABLE IF EXISTS `orders`;
CREATE TABLE `orders`  (
  `order_id` int NOT NULL AUTO_INCREMENT,
  `createDate` datetime(6) NOT NULL,
  `shipping_price` double NOT NULL,
  `status` int NOT NULL,
  `total_price` double NOT NULL,
  `updateDate` date NOT NULL,
  `address_id` int NULL DEFAULT NULL,
  `commission_id` int NULL DEFAULT NULL,
  `delivery_id` int NOT NULL,
  `product_id` int NULL DEFAULT NULL,
  `user_id` int NOT NULL,
  PRIMARY KEY (`order_id`) USING BTREE,
  INDEX `FKemmtmrhypqr2f07uer0opgivv`(`address_id` ASC) USING BTREE,
  INDEX `FKo5rb7l9pwc20tph65ilbn69wt`(`commission_id` ASC) USING BTREE,
  INDEX `FKtkrur7wg4d8ax0pwgo0vmy20c`(`delivery_id` ASC) USING BTREE,
  INDEX `FK787ibr3guwp6xobrpbofnv7le`(`product_id` ASC) USING BTREE,
  INDEX `FKel9kyl84ego2otj2accfd8mr7`(`user_id` ASC) USING BTREE,
  CONSTRAINT `FK787ibr3guwp6xobrpbofnv7le` FOREIGN KEY (`product_id`) REFERENCES `product` (`product_id`) ON DELETE RESTRICT ON UPDATE RESTRICT,
  CONSTRAINT `FKel9kyl84ego2otj2accfd8mr7` FOREIGN KEY (`user_id`) REFERENCES `user` (`user_id`) ON DELETE RESTRICT ON UPDATE RESTRICT,
  CONSTRAINT `FKemmtmrhypqr2f07uer0opgivv` FOREIGN KEY (`address_id`) REFERENCES `address_data` (`address_id`) ON DELETE RESTRICT ON UPDATE RESTRICT,
  CONSTRAINT `FKo5rb7l9pwc20tph65ilbn69wt` FOREIGN KEY (`commission_id`) REFERENCES `commission` (`order_id`) ON DELETE RESTRICT ON UPDATE RESTRICT,
  CONSTRAINT `FKtkrur7wg4d8ax0pwgo0vmy20c` FOREIGN KEY (`delivery_id`) REFERENCES `delivery` (`delivery_id`) ON DELETE RESTRICT ON UPDATE RESTRICT
) ENGINE = InnoDB AUTO_INCREMENT = 3 CHARACTER SET = utf8mb4 COLLATE = utf8mb4_0900_ai_ci ROW_FORMAT = Dynamic;

-- ----------------------------
-- Records of orders
-- ----------------------------
INSERT INTO `orders` VALUES (1, '2023-05-28 20:44:57.696000', 27000, 3, 3517000, '2023-05-28', 5, NULL, 1, 3, 3);
INSERT INTO `orders` VALUES (2, '2023-05-29 23:32:39.523000', 18000, 2, 20918090, '2023-05-29', 2, NULL, 1, 4, 2);
INSERT INTO `orders` VALUES (3, '2023-06-04 21:09:43.866000', 36000, 2, 10536000, '2023-06-04', 4, NULL, 1, 7, 3);

-- ----------------------------
-- Table structure for product
-- ----------------------------
DROP TABLE IF EXISTS `product`;
CREATE TABLE `product`  (
  `product_id` int NOT NULL AUTO_INCREMENT,
  `default_price` double NOT NULL,
  `detail` text CHARACTER SET utf8mb4 COLLATE utf8mb4_0900_ai_ci NULL,
  `isDeleted` bit(1) NULL DEFAULT NULL,
  `min_price` double NOT NULL,
  `productCode` varchar(255) CHARACTER SET utf8mb4 COLLATE utf8mb4_0900_ai_ci NULL DEFAULT NULL,
  `product_name` varchar(255) CHARACTER SET utf8mb4 COLLATE utf8mb4_0900_ai_ci NOT NULL,
  `product_tag` varchar(255) CHARACTER SET utf8mb4 COLLATE utf8mb4_0900_ai_ci NULL DEFAULT NULL,
  `status` int NOT NULL,
  `subDetail` varchar(255) CHARACTER SET utf8mb4 COLLATE utf8mb4_0900_ai_ci NULL DEFAULT NULL,
  `updateDate` datetime(6) NULL DEFAULT NULL,
  `category_id` int NULL DEFAULT NULL,
  `supplier_id` int NULL DEFAULT NULL,
  PRIMARY KEY (`product_id`) USING BTREE,
  INDEX `FK1mtsbur82frn64de7balymq9s`(`category_id` ASC) USING BTREE,
  INDEX `FK2kxvbr72tmtscjvyp9yqb12by`(`supplier_id` ASC) USING BTREE,
  CONSTRAINT `FK1mtsbur82frn64de7balymq9s` FOREIGN KEY (`category_id`) REFERENCES `category` (`category_id`) ON DELETE RESTRICT ON UPDATE RESTRICT,
  CONSTRAINT `FK2kxvbr72tmtscjvyp9yqb12by` FOREIGN KEY (`supplier_id`) REFERENCES `supplier` (`supplier_id`) ON DELETE RESTRICT ON UPDATE RESTRICT
) ENGINE = InnoDB AUTO_INCREMENT = 7 CHARACTER SET = utf8mb4 COLLATE = utf8mb4_0900_ai_ci ROW_FORMAT = Dynamic;

-- ----------------------------
-- Records of product
-- ----------------------------
INSERT INTO `product` VALUES (1, 6900000, '<h2 style=\"box-sizing: inherit; margin-right: 0px; margin-bottom: 0px; margin-left: 0px; padding: 0px; font-size: 21px; font-weight: 400; color: rgb(74, 74, 74); font-family: sans-serif; text-align: justify;\"><span style=\"box-sizing: inherit; color: rgb(54, 54, 54); font-weight: 700;\">So sánh đồng hồ&nbsp;Apple Watch SE 2022 với&nbsp; Apple Watch SE</span></h2><p style=\"box-sizing: inherit; margin-right: 0px; margin-bottom: 10px; margin-left: 0px; padding: 0px; font-size: 15px; line-height: 1.5; color: rgb(74, 74, 74); font-family: sans-serif; text-align: justify;\"><span style=\"box-sizing: inherit; font-style: inherit; font-weight: inherit; color: rgb(0, 0, 0); font-family: arial, helvetica, sans-serif;\">Cùng là mẫu đồng hồ thông minh Apple tầm trung, vậy phiên bản SE 2022 có gì khác biệt so với&nbsp;<span style=\"box-sizing: inherit; font-style: inherit; font-weight: inherit;\">Apple Watch SE đời đầu, hãy cùng tìm hiểu chi tiết sau đây:</span></span></p><table border=\"0\" class=\"table table-bordered\" style=\"box-sizing: inherit; border-spacing: 0px; color: rgb(54, 54, 54); border-color: rgb(211, 211, 211); width: 800px; margin-bottom: 1.5rem; font-family: sans-serif; font-size: 16px; text-align: justify;\"><tbody style=\"box-sizing: inherit; background-color: transparent;\"><tr class=\"info\" style=\"box-sizing: inherit;\"><td style=\"box-sizing: inherit; padding: 0.5em 0.75em 0.5em 5px; vertical-align: top; text-align: inherit; border-top: 0px solid rgb(219, 219, 219); border-right-color: rgb(211, 211, 211); border-bottom-color: rgb(219, 219, 219); border-left-color: rgb(211, 211, 211);\"></td><td style=\"box-sizing: inherit; padding: 0.5em 0.75em 0.5em 5px; vertical-align: top; text-align: center; border-top: 0px solid rgb(219, 219, 219); border-right-color: rgb(211, 211, 211); border-bottom-color: rgb(219, 219, 219); border-left-color: rgb(211, 211, 211);\"><p style=\"box-sizing: inherit; margin-right: 0px; margin-bottom: 10px; margin-left: 0px; padding: 0px; font-size: 15px; line-height: 1.5;\"><span style=\"box-sizing: inherit; font-weight: 700;\">Apple Watch SE 2022</span></p></td><td style=\"box-sizing: inherit; padding: 0.5em 0.75em 0.5em 5px; vertical-align: top; text-align: center; border-top: 0px solid rgb(219, 219, 219); border-right-color: rgb(211, 211, 211); border-bottom-color: rgb(219, 219, 219); border-left-color: rgb(211, 211, 211);\"><p style=\"box-sizing: inherit; margin-right: 0px; margin-bottom: 10px; margin-left: 0px; padding: 0px; font-size: 15px; line-height: 1.5;\"><span style=\"box-sizing: inherit; font-weight: 700;\">Apple Watch SE</span></p></td></tr><tr style=\"box-sizing: inherit;\"><td style=\"box-sizing: inherit; padding: 0.5em 0.75em 0.5em 5px; vertical-align: top; text-align: inherit; border-top: 0px solid rgb(219, 219, 219); border-right-color: rgb(211, 211, 211); border-bottom-color: rgb(219, 219, 219); border-left-color: rgb(211, 211, 211);\"><p style=\"box-sizing: inherit; margin-right: 0px; margin-bottom: 10px; margin-left: 0px; padding: 0px; font-size: 15px; line-height: 1.5;\"><span style=\"box-sizing: inherit; font-weight: 700;\">Màn hình</span></p></td><td style=\"box-sizing: inherit; padding: 0.5em 0.75em 0.5em 5px; vertical-align: top; text-align: center; border-top: 0px solid rgb(219, 219, 219); border-right-color: rgb(211, 211, 211); border-bottom-color: rgb(219, 219, 219); border-left-color: rgb(211, 211, 211);\"><p style=\"box-sizing: inherit; margin-right: 0px; margin-bottom: 10px; margin-left: 0px; padding: 0px; font-size: 15px; line-height: 1.5;\"><span style=\"box-sizing: inherit; font-style: inherit; font-weight: inherit; color: rgb(0, 0, 0); font-family: arial, helvetica, sans-serif;\">Retina LTPO OLED (1.000 nits)</span></p></td><td style=\"box-sizing: inherit; padding: 0.5em 0.75em 0.5em 5px; vertical-align: top; text-align: center; border-top: 0px solid rgb(219, 219, 219); border-right-color: rgb(211, 211, 211); border-bottom-color: rgb(219, 219, 219); border-left-color: rgb(211, 211, 211);\"><p style=\"box-sizing: inherit; margin-right: 0px; margin-bottom: 10px; margin-left: 0px; padding: 0px; font-size: 15px; line-height: 1.5;\"><span style=\"box-sizing: inherit; font-style: inherit; font-weight: inherit; color: rgb(0, 0, 0); font-family: arial, helvetica, sans-serif;\">LTPO OLED display (1000 nits)</span></p></td></tr><tr style=\"box-sizing: inherit;\"><td style=\"box-sizing: inherit; padding: 0.5em 0.75em 0.5em 5px; vertical-align: top; text-align: inherit; border-top: 0px solid rgb(219, 219, 219); border-right-color: rgb(211, 211, 211); border-bottom-color: rgb(219, 219, 219); border-left-color: rgb(211, 211, 211);\"><p style=\"box-sizing: inherit; margin-right: 0px; margin-bottom: 10px; margin-left: 0px; padding: 0px; font-size: 15px; line-height: 1.5;\"><span style=\"box-sizing: inherit; font-weight: 700;\">Độ phân giải</span></p></td><td style=\"box-sizing: inherit; padding: 0.5em 0.75em 0.5em 5px; vertical-align: top; text-align: center; border-top: 0px solid rgb(219, 219, 219); border-right-color: rgb(211, 211, 211); border-bottom-color: rgb(219, 219, 219); border-left-color: rgb(211, 211, 211);\"><p style=\"box-sizing: inherit; margin-right: 0px; margin-bottom: 10px; margin-left: 0px; padding: 0px; font-size: 15px; line-height: 1.5;\"><span style=\"box-sizing: inherit; font-style: inherit; font-weight: inherit; color: rgb(0, 0, 0); font-family: arial, helvetica, sans-serif;\">324 x 394 pixels</span></p></td><td style=\"box-sizing: inherit; padding: 0.5em 0.75em 0.5em 5px; vertical-align: top; text-align: center; border-top: 0px solid rgb(219, 219, 219); border-right-color: rgb(211, 211, 211); border-bottom-color: rgb(219, 219, 219); border-left-color: rgb(211, 211, 211);\"><p style=\"box-sizing: inherit; margin-right: 0px; margin-bottom: 10px; margin-left: 0px; padding: 0px; font-size: 15px; line-height: 1.5;\"><span style=\"box-sizing: inherit; font-style: inherit; font-weight: inherit; color: rgb(0, 0, 0); font-family: arial, helvetica, sans-serif;\">324 x 394 pixels</span></p></td></tr><tr style=\"box-sizing: inherit;\"><td style=\"box-sizing: inherit; padding: 0.5em 0.75em 0.5em 5px; vertical-align: top; text-align: inherit; border-top: 0px solid rgb(219, 219, 219); border-right-color: rgb(211, 211, 211); border-bottom-color: rgb(219, 219, 219); border-left-color: rgb(211, 211, 211);\"><p style=\"box-sizing: inherit; margin-right: 0px; margin-bottom: 10px; margin-left: 0px; padding: 0px; font-size: 15px; line-height: 1.5;\"><span style=\"box-sizing: inherit; font-style: inherit; font-weight: inherit; color: rgb(0, 0, 0); font-family: arial, helvetica, sans-serif;\">Trọng lượng</span></p></td><td style=\"box-sizing: inherit; padding: 0.5em 0.75em 0.5em 5px; vertical-align: top; text-align: center; border-top: 0px solid rgb(219, 219, 219); border-right-color: rgb(211, 211, 211); border-bottom-color: rgb(219, 219, 219); border-left-color: rgb(211, 211, 211);\"><p style=\"box-sizing: inherit; margin-right: 0px; margin-bottom: 10px; margin-left: 0px; padding: 0px; font-size: 15px; line-height: 1.5;\"><span style=\"box-sizing: inherit; font-style: inherit; font-weight: inherit; color: rgb(0, 0, 0); font-family: arial, helvetica, sans-serif;\">32,9g</span></p></td><td style=\"box-sizing: inherit; padding: 0.5em 0.75em 0.5em 5px; vertical-align: top; text-align: center; border-top: 0px solid rgb(219, 219, 219); border-right-color: rgb(211, 211, 211); border-bottom-color: rgb(219, 219, 219); border-left-color: rgb(211, 211, 211);\"><p style=\"box-sizing: inherit; margin-right: 0px; margin-bottom: 10px; margin-left: 0px; padding: 0px; font-size: 15px; line-height: 1.5;\"><span style=\"box-sizing: inherit; font-style: inherit; font-weight: inherit; color: rgb(0, 0, 0); font-family: arial, helvetica, sans-serif;\">36.4 g</span></p></td></tr><tr style=\"box-sizing: inherit;\"><td style=\"box-sizing: inherit; padding: 0.5em 0.75em 0.5em 5px; vertical-align: top; text-align: inherit; border-top: 0px solid rgb(219, 219, 219); border-right-color: rgb(211, 211, 211); border-bottom-color: rgb(219, 219, 219); border-left-color: rgb(211, 211, 211);\"><p style=\"box-sizing: inherit; margin-right: 0px; margin-bottom: 10px; margin-left: 0px; padding: 0px; font-size: 15px; line-height: 1.5;\"><span style=\"box-sizing: inherit; font-style: inherit; font-weight: inherit; color: rgb(0, 0, 0); font-family: arial, helvetica, sans-serif;\">Bộ nhớ trong</span></p></td><td style=\"box-sizing: inherit; padding: 0.5em 0.75em 0.5em 5px; vertical-align: top; text-align: center; border-top: 0px solid rgb(219, 219, 219); border-right-color: rgb(211, 211, 211); border-bottom-color: rgb(219, 219, 219); border-left-color: rgb(211, 211, 211);\"><p style=\"box-sizing: inherit; margin-right: 0px; margin-bottom: 10px; margin-left: 0px; padding: 0px; font-size: 15px; line-height: 1.5;\"><span style=\"box-sizing: inherit; font-style: inherit; font-weight: inherit; color: rgb(0, 0, 0); font-family: arial, helvetica, sans-serif;\">32 GB</span></p></td><td style=\"box-sizing: inherit; padding: 0.5em 0.75em 0.5em 5px; vertical-align: top; text-align: center; border-top: 0px solid rgb(219, 219, 219); border-right-color: rgb(211, 211, 211); border-bottom-color: rgb(219, 219, 219); border-left-color: rgb(211, 211, 211);\"><p style=\"box-sizing: inherit; margin-right: 0px; margin-bottom: 10px; margin-left: 0px; padding: 0px; font-size: 15px; line-height: 1.5;\"><span style=\"box-sizing: inherit; font-style: inherit; font-weight: inherit; color: rgb(0, 0, 0); font-family: arial, helvetica, sans-serif;\">32 GB</span></p></td></tr><tr style=\"box-sizing: inherit;\"><td style=\"box-sizing: inherit; padding: 0.5em 0.75em 0.5em 5px; vertical-align: top; text-align: inherit; border-top: 0px solid rgb(219, 219, 219); border-right-color: rgb(211, 211, 211); border-bottom-color: rgb(219, 219, 219); border-left-color: rgb(211, 211, 211);\"><p style=\"box-sizing: inherit; margin-right: 0px; margin-bottom: 10px; margin-left: 0px; padding: 0px; font-size: 15px; line-height: 1.5;\"><span style=\"box-sizing: inherit; font-style: inherit; font-weight: inherit; color: rgb(0, 0, 0); font-family: arial, helvetica, sans-serif;\">Thời lượng pin</span></p></td><td style=\"box-sizing: inherit; padding: 0.5em 0.75em 0.5em 5px; vertical-align: top; text-align: center; border-top: 0px solid rgb(219, 219, 219); border-right-color: rgb(211, 211, 211); border-bottom-color: rgb(219, 219, 219); border-left-color: rgb(211, 211, 211);\"><p style=\"box-sizing: inherit; margin-right: 0px; margin-bottom: 10px; margin-left: 0px; padding: 0px; font-size: 15px; line-height: 1.5;\"><span style=\"box-sizing: inherit; font-style: inherit; font-weight: inherit; color: rgb(0, 0, 0); font-family: arial, helvetica, sans-serif;\">Pin Lithium-ion sử dụng đến 18 giờ</span></p></td><td style=\"box-sizing: inherit; padding: 0.5em 0.75em 0.5em 5px; vertical-align: top; text-align: center; border-top: 0px solid rgb(219, 219, 219); border-right-color: rgb(211, 211, 211); border-bottom-color: rgb(219, 219, 219); border-left-color: rgb(211, 211, 211);\"><p style=\"box-sizing: inherit; margin-right: 0px; margin-bottom: 10px; margin-left: 0px; padding: 0px; font-size: 15px; line-height: 1.5;\"><span style=\"box-sizing: inherit; font-style: inherit; font-weight: inherit; color: rgb(0, 0, 0); font-family: arial, helvetica, sans-serif;\">Pin Lithium-ion sử dụng đến 18 giờ</span></p></td></tr><tr style=\"box-sizing: inherit;\"><td style=\"box-sizing: inherit; padding: 0.5em 0.75em 0.5em 5px; vertical-align: top; text-align: inherit; border-top: 0px solid rgb(219, 219, 219); border-right-color: rgb(211, 211, 211); border-bottom-color: rgb(219, 219, 219); border-left-color: rgb(211, 211, 211);\"><p style=\"box-sizing: inherit; margin-right: 0px; margin-bottom: 10px; margin-left: 0px; padding: 0px; font-size: 15px; line-height: 1.5;\"><span style=\"box-sizing: inherit; font-style: inherit; font-weight: inherit; color: rgb(0, 0, 0); font-family: arial, helvetica, sans-serif;\">Tính năng</span></p></td><td style=\"box-sizing: inherit; padding: 0.5em 0.75em 0.5em 5px; vertical-align: top; text-align: center; border-top: 0px solid rgb(219, 219, 219); border-right-color: rgb(211, 211, 211); border-bottom-color: rgb(219, 219, 219); border-left-color: rgb(211, 211, 211);\"><p style=\"box-sizing: inherit; margin-right: 0px; margin-bottom: 10px; margin-left: 0px; padding: 0px; font-size: 15px; line-height: 1.5;\"><span style=\"box-sizing: inherit; font-style: inherit; font-weight: inherit; color: rgb(0, 0, 0); font-family: arial, helvetica, sans-serif;\">Định vị GPS</span></p><p style=\"box-sizing: inherit; margin-right: 0px; margin-bottom: 10px; margin-left: 0px; padding: 0px; font-size: 15px; line-height: 1.5;\"><span style=\"box-sizing: inherit; font-style: inherit; font-weight: inherit; color: rgb(0, 0, 0); font-family: arial, helvetica, sans-serif;\">Cài ứng dụng</span></p></td><td style=\"box-sizing: inherit; padding: 0.5em 0.75em 0.5em 5px; vertical-align: top; text-align: center; border-top: 0px solid rgb(219, 219, 219); border-right-color: rgb(211, 211, 211); border-bottom-color: rgb(219, 219, 219); border-left-color: rgb(211, 211, 211);\"><p style=\"box-sizing: inherit; margin-right: 0px; margin-bottom: 10px; margin-left: 0px; padding: 0px; font-size: 15px; line-height: 1.5;\"><span style=\"box-sizing: inherit; font-style: inherit; font-weight: inherit; color: rgb(0, 0, 0); font-family: arial, helvetica, sans-serif;\">Định vị GPS</span></p></td></tr><tr style=\"box-sizing: inherit;\"><td style=\"box-sizing: inherit; padding: 0.5em 0.75em 0.5em 5px; vertical-align: top; text-align: inherit; border-top: 0px solid rgb(219, 219, 219); border-right-color: rgb(211, 211, 211); border-bottom-color: rgb(219, 219, 219); border-left-color: rgb(211, 211, 211);\"><p style=\"box-sizing: inherit; margin-right: 0px; margin-bottom: 10px; margin-left: 0px; padding: 0px; font-size: 15px; line-height: 1.5;\"><span style=\"box-sizing: inherit; font-style: inherit; font-weight: inherit; color: rgb(0, 0, 0); font-family: arial, helvetica, sans-serif;\">Chipset</span></p></td><td style=\"box-sizing: inherit; padding: 0.5em 0.75em 0.5em 5px; vertical-align: top; text-align: center; border-top: 0px solid rgb(219, 219, 219); border-right-color: rgb(211, 211, 211); border-bottom-color: rgb(219, 219, 219); border-left-color: rgb(211, 211, 211);\"><p style=\"box-sizing: inherit; margin-right: 0px; margin-bottom: 10px; margin-left: 0px; padding: 0px; font-size: 15px; line-height: 1.5;\"><span style=\"box-sizing: inherit; font-style: inherit; font-weight: inherit; color: rgb(0, 0, 0); font-family: arial, helvetica, sans-serif;\">Apple S8 SiP</span></p></td><td style=\"box-sizing: inherit; padding: 0.5em 0.75em 0.5em 5px; vertical-align: top; text-align: center; border-top: 0px solid rgb(219, 219, 219); border-right-color: rgb(211, 211, 211); border-bottom-color: rgb(219, 219, 219); border-left-color: rgb(211, 211, 211);\"><p style=\"box-sizing: inherit; margin-right: 0px; margin-bottom: 10px; margin-left: 0px; padding: 0px; font-size: 15px; line-height: 1.5;\"><span style=\"box-sizing: inherit; font-style: inherit; font-weight: inherit; color: rgb(0, 0, 0); font-family: arial, helvetica, sans-serif;\">Apple S5</span></p></td></tr><tr style=\"box-sizing: inherit;\"><td style=\"box-sizing: inherit; padding: 0.5em 0.75em 0.5em 5px; vertical-align: top; text-align: inherit; border-top: 0px solid rgb(219, 219, 219); border-right-color: rgb(211, 211, 211); border-bottom-color: rgb(219, 219, 219); border-left-color: rgb(211, 211, 211);\"><p style=\"box-sizing: inherit; margin-right: 0px; margin-bottom: 10px; margin-left: 0px; padding: 0px; font-size: 15px; line-height: 1.5;\"><span style=\"box-sizing: inherit; font-weight: 700;\">Tiện ích sức khỏe</span></p></td><td style=\"box-sizing: inherit; padding: 0.5em 0.75em 0.5em 5px; vertical-align: top; text-align: center; border-top: 0px solid rgb(219, 219, 219); border-right-color: rgb(211, 211, 211); border-bottom-color: rgb(219, 219, 219); border-left-color: rgb(211, 211, 211);\"><p style=\"box-sizing: inherit; margin-right: 0px; margin-bottom: 10px; margin-left: 0px; padding: 0px; font-size: 15px; line-height: 1.5;\"><span style=\"box-sizing: inherit; font-style: inherit; font-weight: inherit; color: rgb(255, 0, 0); font-family: arial, helvetica, sans-serif;\">Phát hiện té ngã</span></p><p style=\"box-sizing: inherit; margin-right: 0px; margin-bottom: 10px; margin-left: 0px; padding: 0px; font-size: 15px; line-height: 1.5;\"><span style=\"box-sizing: inherit; font-style: inherit; font-weight: inherit; color: rgb(255, 0, 0); font-family: arial, helvetica, sans-serif;\">Phát hiện tai nạn</span></p><p style=\"box-sizing: inherit; margin-right: 0px; margin-bottom: 10px; margin-left: 0px; padding: 0px; font-size: 15px; line-height: 1.5;\"><span style=\"box-sizing: inherit; font-style: inherit; font-weight: inherit; color: rgb(0, 0, 0); font-family: arial, helvetica, sans-serif;\">Theo dõi giấc ngủ</span></p><p style=\"box-sizing: inherit; margin-right: 0px; margin-bottom: 10px; margin-left: 0px; padding: 0px; font-size: 15px; line-height: 1.5;\"><span style=\"box-sizing: inherit; font-style: inherit; font-weight: inherit; color: rgb(0, 0, 0); font-family: arial, helvetica, sans-serif;\">Đo nhịp tim</span></p><p style=\"box-sizing: inherit; margin-right: 0px; margin-bottom: 10px; margin-left: 0px; padding: 0px; font-size: 15px; line-height: 1.5;\"><span style=\"box-sizing: inherit; font-style: inherit; font-weight: inherit; color: rgb(0, 0, 0); font-family: arial, helvetica, sans-serif;\">Đếm bước chân</span></p><p style=\"box-sizing: inherit; margin-right: 0px; margin-bottom: 10px; margin-left: 0px; padding: 0px; font-size: 15px; line-height: 1.5;\"><span style=\"box-sizing: inherit; font-style: inherit; font-weight: inherit; color: rgb(0, 0, 0); font-family: arial, helvetica, sans-serif;\">Tính calo tiêu thụ</span></p><p style=\"box-sizing: inherit; margin-right: 0px; margin-bottom: 10px; margin-left: 0px; padding: 0px; font-size: 15px; line-height: 1.5;\"><span style=\"box-sizing: inherit; font-style: inherit; font-weight: inherit; color: rgb(0, 0, 0); font-family: arial, helvetica, sans-serif;\">Đo mức độ stress</span></p></td><td style=\"box-sizing: inherit; padding: 0.5em 0.75em 0.5em 5px; vertical-align: top; text-align: center; border-top: 0px solid rgb(219, 219, 219); border-right-color: rgb(211, 211, 211); border-bottom-color: rgb(219, 219, 219); border-left-color: rgb(211, 211, 211);\"><p style=\"box-sizing: inherit; margin-right: 0px; margin-bottom: 10px; margin-left: 0px; padding: 0px; font-size: 15px; line-height: 1.5;\"><span style=\"box-sizing: inherit; font-style: inherit; font-weight: inherit; color: rgb(255, 0, 0); font-family: arial, helvetica, sans-serif;\">Phát hiện té ngã</span></p><p style=\"box-sizing: inherit; margin-right: 0px; margin-bottom: 10px; margin-left: 0px; padding: 0px; font-size: 15px; line-height: 1.5;\"><span style=\"box-sizing: inherit; font-style: inherit; font-weight: inherit; color: rgb(0, 0, 0); font-family: arial, helvetica, sans-serif;\">Theo dõi giấc ngủ</span></p><p style=\"box-sizing: inherit; margin-right: 0px; margin-bottom: 10px; margin-left: 0px; padding: 0px; font-size: 15px; line-height: 1.5;\"><span style=\"box-sizing: inherit; font-style: inherit; font-weight: inherit; color: rgb(0, 0, 0); font-family: arial, helvetica, sans-serif;\">Đo nhịp tim</span></p><p style=\"box-sizing: inherit; margin-right: 0px; margin-bottom: 10px; margin-left: 0px; padding: 0px; font-size: 15px; line-height: 1.5;\"><span style=\"box-sizing: inherit; font-style: inherit; font-weight: inherit; color: rgb(0, 0, 0); font-family: arial, helvetica, sans-serif;\">Đếm số bước chân</span></p><p style=\"box-sizing: inherit; margin-right: 0px; margin-bottom: 10px; margin-left: 0px; padding: 0px; font-size: 15px; line-height: 1.5;\"><span style=\"box-sizing: inherit; font-style: inherit; font-weight: inherit; color: rgb(0, 0, 0); font-family: arial, helvetica, sans-serif;\">Chế độ luyện tập</span></p></td></tr><tr style=\"box-sizing: inherit;\"><td style=\"box-sizing: inherit; padding: 0.5em 0.75em 0.5em 5px; vertical-align: top; text-align: inherit; border-top: 0px solid rgb(219, 219, 219); border-right-color: rgb(211, 211, 211); border-bottom-color: rgb(219, 219, 219); border-left-color: rgb(211, 211, 211); border-bottom-width: 0px;\"><p style=\"box-sizing: inherit; margin-right: 0px; margin-bottom: 10px; margin-left: 0px; padding: 0px; font-size: 15px; line-height: 1.5;\"><span style=\"box-sizing: inherit; font-weight: 700;\">Màu sắc</span></p></td><td style=\"box-sizing: inherit; padding: 0.5em 0.75em 0.5em 5px; vertical-align: top; text-align: center; border-top: 0px solid rgb(219, 219, 219); border-right-color: rgb(211, 211, 211); border-bottom-color: rgb(219, 219, 219); border-left-color: rgb(211, 211, 211); border-bottom-width: 0px;\"><p style=\"box-sizing: inherit; margin-right: 0px; margin-bottom: 10px; margin-left: 0px; padding: 0px; font-size: 15px; line-height: 1.5;\"><span style=\"box-sizing: inherit; font-style: inherit; font-weight: inherit; color: rgb(0, 0, 0); font-family: arial, helvetica, sans-serif;\">Xám, Bạc và Hồng nhạt</span></p></td><td style=\"box-sizing: inherit; padding: 0.5em 0.75em 0.5em 5px; vertical-align: top; text-align: center; border-top: 0px solid rgb(219, 219, 219); border-right-color: rgb(211, 211, 211); border-bottom-color: rgb(219, 219, 219); border-left-color: rgb(211, 211, 211); border-bottom-width: 0px;\"><p style=\"box-sizing: inherit; margin-right: 0px; margin-bottom: 10px; margin-left: 0px; padding: 0px; font-size: 15px; line-height: 1.5;\"><span style=\"box-sizing: inherit; font-style: inherit; font-weight: inherit; color: rgb(0, 0, 0); font-family: arial, helvetica, sans-serif;\">Bạc, Xám không gian và Vàng</span></p></td></tr></tbody></table><h2 style=\"box-sizing: inherit; margin-right: 0px; margin-bottom: 0px; margin-left: 0px; padding: 0px; font-size: 21px; font-weight: 400; color: rgb(74, 74, 74); font-family: sans-serif; text-align: justify;\"><span style=\"box-sizing: inherit; color: rgb(54, 54, 54); font-weight: 700;\">Apple Watch SE 2022 40mm GPS</span>&nbsp;<span style=\"box-sizing: inherit; color: rgb(54, 54, 54); font-weight: 700;\">–</span><span style=\"box-sizing: inherit; color: rgb(54, 54, 54); font-weight: 700;\">&nbsp;Khung dây nhôm sang trọng</span></h2><p style=\"box-sizing: inherit; margin-right: 0px; margin-bottom: 10px; margin-left: 0px; padding: 0px; font-size: 15px; line-height: 1.5; color: rgb(74, 74, 74); font-family: sans-serif; text-align: justify;\">Đi theo xu hướng của khách hàng, nhà Apple đã nghiên cứu cho ra mắt những sản phẩm công nghệ phù hợp với thời đại hơn và không ngoại lệ,&nbsp;<span style=\"box-sizing: inherit; color: rgb(54, 54, 54); font-weight: 700;\">Apple Watch SE 2022 40mm GPS</span>&nbsp;là chiếc<a href=\"https://cellphones.com.vn/do-choi-cong-nghe/apple-watch/se-2022.html\" title=\"Đồng hồ Apple Watch SE 2022 chính hãng\" target=\"_blank\" style=\"box-sizing: inherit; color: rgb(215, 0, 24); cursor: pointer;\"><span style=\"box-sizing: inherit; color: currentcolor; font-weight: 700;\">&nbsp;đồng hồ</span>&nbsp;<span style=\"box-sizing: inherit; color: currentcolor; font-weight: 700;\">Apple Watch SE 2022</span></a>&nbsp;đời mới khiến nhiều tín đồ khao khát sở hữu.</p><h3 style=\"box-sizing: inherit; margin-right: 0px; margin-bottom: 0px; margin-left: 0px; padding: 8px 0px; font-size: 16px; color: rgb(74, 74, 74); font-family: sans-serif; text-align: justify;\"><span style=\"box-sizing: inherit; color: rgb(54, 54, 54);\">Thiết kế thời thượng, viền nhôm sang trọng</span></h3><p style=\"box-sizing: inherit; margin-right: 0px; margin-bottom: 10px; margin-left: 0px; padding: 0px; font-size: 15px; line-height: 1.5; color: rgb(74, 74, 74); font-family: sans-serif; text-align: justify;\">Kế thừa phong cách đặc trưng đến từ nhà Apple, đồng hồ thông minh Apple Watch SE 2022 GPS xuất hiện với diện mạo trẻ trung, sang trọng qua thiết kế bo tròn ở các góc tạo cảm giác bắt mắt ngay từ cái nhìn đầu tiên. Gắn liền khung viền nhôm là chiếc dây đeo silicone có độ đàn hồi cao, mang đến sự êm ái và thoải mái khi đeo trên tay. Đồng thời, Apple đã bổ sung thêm một số màu sắc độc đáo, giúp người dùng dễ dàng lựa chọn theo sở thích.</p><p style=\"box-sizing: inherit; margin-right: 0px; margin-bottom: 10px; margin-left: 0px; padding: 0px; font-size: 15px; line-height: 1.5; color: rgb(74, 74, 74); font-family: sans-serif; text-align: justify;\"><img src=\"https://cdn2.cellphones.com.vn/x,webp,q100/media/wysiwyg/Watch/Apple/apple_watch_se/Tren-tay-Apple-Watch-SE-2-1.jpg\" alt=\"So sánh đồng hồ Apple Watch SE 2022 với  Apple Watch SE\" loading=\"lazy\" style=\"box-sizing: inherit; height: auto; max-width: 100%;\"></p><p style=\"box-sizing: inherit; margin-right: 0px; margin-bottom: 10px; margin-left: 0px; padding: 0px; font-size: 15px; line-height: 1.5; color: rgb(74, 74, 74); font-family: sans-serif; text-align: justify;\">Đồng hồ thông minh Watch SE 2 được trang bị nút Digital Crown cùng nới nút nguồn quen thuộc được đặt ở phía bên phải. Thế hệ đồng hồ mới cũng được trang bị nhiều cảm biến thông minh hỗ trợ theo dõi sức khỏe, đặc biệt trong đó là cảm biến nhịp tim mở rộng toàn bộ mặt lưng giúp quá trình theo dõi sức khỏe có thể liền mạnh và ổn định hơn.</p>', b'0', 5900000, '382d7178', 'Apple Watch SE 2022 40mm | Chính Hãng VN/A', '#applewatch#AppleWatchSE2022#dongho', 1, 'Tiếp tục là sản phẩm đồng hồ thông minh thuộc phân khúc tầm trung, đồng hồ Apple Watch SE 2022 là phiên bản kế nhiệm Apple Watch SE được ra mắt trước đó. ', '2023-05-28 20:04:16.207000', 6, 1);
INSERT INTO `product` VALUES (2, 26590000, '<h2 dir=\"ltr\" style=\"box-sizing: inherit; margin-right: 0px; margin-bottom: 0px; margin-left: 0px; padding: 0px; font-size: 21px; font-weight: 400; color: rgb(74, 74, 74); font-family: sans-serif; text-align: justify;\"><span style=\"box-sizing: inherit; color: rgb(54, 54, 54); font-weight: 700;\">So sánh điện thoại&nbsp;iPhone 14 Pro Max với&nbsp;iPhone 13 Pro Max</span></h2><p dir=\"ltr\" style=\"box-sizing: inherit; margin-right: 0px; margin-bottom: 10px; margin-left: 0px; padding: 0px; font-size: 15px; line-height: 1.5; color: rgb(74, 74, 74); font-family: sans-serif; text-align: justify;\"><span style=\"box-sizing: inherit; font-style: inherit; font-weight: inherit; color: rgb(0, 0, 0); font-family: arial, helvetica, sans-serif;\"><span style=\"box-sizing: inherit; font-style: inherit; font-weight: inherit;\"><span style=\"box-sizing: inherit; font-style: inherit; font-weight: inherit;\">Cách nhau một thế hệ vậy điện thoại&nbsp;<span style=\"box-sizing: inherit; font-style: inherit; font-weight: inherit;\">iPhone 14 Pro Max với&nbsp;<span style=\"box-sizing: inherit; font-style: inherit; font-weight: inherit;\">iPhone 13 Pro Max có gì khác nhau? Nên chọn mua phiên bản iPhone nào thù hợp. Để tìm hiểu rõ hơn về điều này hãy cùng so sánh chi tiết ngay sau đây.</span></span></span></span></span></p><table border=\"0\" class=\"table table-bordered\" style=\"box-sizing: inherit; border-spacing: 0px; color: rgb(54, 54, 54); border-color: rgb(211, 211, 211); width: 800px; margin-bottom: 1.5rem; font-family: sans-serif; font-size: 16px; text-align: justify;\"><tbody style=\"box-sizing: inherit; background-color: transparent;\"><tr class=\"info\" style=\"box-sizing: inherit;\"><td style=\"box-sizing: inherit; padding: 0.5em 0.75em 0.5em 5px; vertical-align: top; text-align: inherit; border-top: 0px solid rgb(219, 219, 219); border-right-color: rgb(211, 211, 211); border-bottom-color: rgb(219, 219, 219); border-left-color: rgb(211, 211, 211);\"></td><td style=\"box-sizing: inherit; padding: 0.5em 0.75em 0.5em 5px; vertical-align: top; text-align: center; border-top: 0px solid rgb(219, 219, 219); border-right-color: rgb(211, 211, 211); border-bottom-color: rgb(219, 219, 219); border-left-color: rgb(211, 211, 211);\"><p style=\"box-sizing: inherit; margin-right: 0px; margin-bottom: 10px; margin-left: 0px; padding: 0px; font-size: 15px; line-height: 1.5;\"><span style=\"box-sizing: inherit; font-weight: 700;\">iPhone 14 Pro Max</span></p></td><td style=\"box-sizing: inherit; padding: 0.5em 0.75em 0.5em 5px; vertical-align: top; text-align: center; border-top: 0px solid rgb(219, 219, 219); border-right-color: rgb(211, 211, 211); border-bottom-color: rgb(219, 219, 219); border-left-color: rgb(211, 211, 211);\"><p style=\"box-sizing: inherit; margin-right: 0px; margin-bottom: 10px; margin-left: 0px; padding: 0px; font-size: 15px; line-height: 1.5;\"><span style=\"box-sizing: inherit; font-weight: 700;\">iPhone 13 Pro Max</span></p></td></tr><tr style=\"box-sizing: inherit;\"><td style=\"box-sizing: inherit; padding: 0.5em 0.75em 0.5em 5px; vertical-align: top; text-align: inherit; border-top: 0px solid rgb(219, 219, 219); border-right-color: rgb(211, 211, 211); border-bottom-color: rgb(219, 219, 219); border-left-color: rgb(211, 211, 211);\"><p style=\"box-sizing: inherit; margin-right: 0px; margin-bottom: 10px; margin-left: 0px; padding: 0px; font-size: 15px; line-height: 1.5;\"><span style=\"box-sizing: inherit; font-weight: 700;\">Màn hình</span></p></td><td style=\"box-sizing: inherit; padding: 0.5em 0.75em 0.5em 5px; vertical-align: top; text-align: center; border-top: 0px solid rgb(219, 219, 219); border-right-color: rgb(211, 211, 211); border-bottom-color: rgb(219, 219, 219); border-left-color: rgb(211, 211, 211);\"><p style=\"box-sizing: inherit; margin-right: 0px; margin-bottom: 10px; margin-left: 0px; padding: 0px; font-size: 15px; line-height: 1.5;\">OLED 6.7 inch</p><p style=\"box-sizing: inherit; margin-right: 0px; margin-bottom: 10px; margin-left: 0px; padding: 0px; font-size: 15px; line-height: 1.5;\"><span style=\"box-sizing: inherit; font-weight: 700;\">Viên thuốc</span></p><p style=\"box-sizing: inherit; margin-right: 0px; margin-bottom: 10px; margin-left: 0px; padding: 0px; font-size: 15px; line-height: 1.5;\"><span style=\"box-sizing: inherit; font-weight: 700;\">Dynamic Island</span></p></td><td style=\"box-sizing: inherit; padding: 0.5em 0.75em 0.5em 5px; vertical-align: top; text-align: center; border-top: 0px solid rgb(219, 219, 219); border-right-color: rgb(211, 211, 211); border-bottom-color: rgb(219, 219, 219); border-left-color: rgb(211, 211, 211);\"><p style=\"box-sizing: inherit; margin-right: 0px; margin-bottom: 10px; margin-left: 0px; padding: 0px; font-size: 15px; line-height: 1.5;\">OLED 6.7 inch</p><p style=\"box-sizing: inherit; margin-right: 0px; margin-bottom: 10px; margin-left: 0px; padding: 0px; font-size: 15px; line-height: 1.5;\">Tai thỏ</p></td></tr><tr style=\"box-sizing: inherit;\"><td style=\"box-sizing: inherit; padding: 0.5em 0.75em 0.5em 5px; vertical-align: top; text-align: inherit; border-top: 0px solid rgb(219, 219, 219); border-right-color: rgb(211, 211, 211); border-bottom-color: rgb(219, 219, 219); border-left-color: rgb(211, 211, 211);\"><p style=\"box-sizing: inherit; margin-right: 0px; margin-bottom: 10px; margin-left: 0px; padding: 0px; font-size: 15px; line-height: 1.5;\"><span style=\"box-sizing: inherit; font-weight: 700;\">Độ phân giải</span></p></td><td style=\"box-sizing: inherit; padding: 0.5em 0.75em 0.5em 5px; vertical-align: top; text-align: center; border-top: 0px solid rgb(219, 219, 219); border-right-color: rgb(211, 211, 211); border-bottom-color: rgb(219, 219, 219); border-left-color: rgb(211, 211, 211);\"><p style=\"box-sizing: inherit; margin-right: 0px; margin-bottom: 10px; margin-left: 0px; padding: 0px; font-size: 15px; line-height: 1.5;\"><span style=\"box-sizing: inherit; font-style: inherit; font-weight: inherit; color: rgb(0, 0, 0); font-family: arial, helvetica, sans-serif;\">2796 x 1290 pixel</span></p></td><td style=\"box-sizing: inherit; padding: 0.5em 0.75em 0.5em 5px; vertical-align: top; text-align: center; border-top: 0px solid rgb(219, 219, 219); border-right-color: rgb(211, 211, 211); border-bottom-color: rgb(219, 219, 219); border-left-color: rgb(211, 211, 211);\"><p style=\"box-sizing: inherit; margin-right: 0px; margin-bottom: 10px; margin-left: 0px; padding: 0px; font-size: 15px; line-height: 1.5;\">2778 x 1284 pixel</p></td></tr><tr style=\"box-sizing: inherit;\"><td style=\"box-sizing: inherit; padding: 0.5em 0.75em 0.5em 5px; vertical-align: top; text-align: inherit; border-top: 0px solid rgb(219, 219, 219); border-right-color: rgb(211, 211, 211); border-bottom-color: rgb(219, 219, 219); border-left-color: rgb(211, 211, 211);\"><p style=\"box-sizing: inherit; margin-right: 0px; margin-bottom: 10px; margin-left: 0px; padding: 0px; font-size: 15px; line-height: 1.5;\"><span style=\"box-sizing: inherit; font-weight: 700;\">Mật độ điểm ảnh</span></p></td><td style=\"box-sizing: inherit; padding: 0.5em 0.75em 0.5em 5px; vertical-align: top; text-align: center; border-top: 0px solid rgb(219, 219, 219); border-right-color: rgb(211, 211, 211); border-bottom-color: rgb(219, 219, 219); border-left-color: rgb(211, 211, 211);\"><p style=\"box-sizing: inherit; margin-right: 0px; margin-bottom: 10px; margin-left: 0px; padding: 0px; font-size: 15px; line-height: 1.5;\"><span style=\"box-sizing: inherit; font-style: inherit; font-weight: inherit; color: rgb(0, 0, 0); font-family: arial, helvetica, sans-serif;\">460&nbsp;PPI</span></p></td><td style=\"box-sizing: inherit; padding: 0.5em 0.75em 0.5em 5px; vertical-align: top; text-align: center; border-top: 0px solid rgb(219, 219, 219); border-right-color: rgb(211, 211, 211); border-bottom-color: rgb(219, 219, 219); border-left-color: rgb(211, 211, 211);\"><p style=\"box-sizing: inherit; margin-right: 0px; margin-bottom: 10px; margin-left: 0px; padding: 0px; font-size: 15px; line-height: 1.5;\">458PPI</p></td></tr><tr style=\"box-sizing: inherit;\"><td style=\"box-sizing: inherit; padding: 0.5em 0.75em 0.5em 5px; vertical-align: top; text-align: inherit; border-top: 0px solid rgb(219, 219, 219); border-right-color: rgb(211, 211, 211); border-bottom-color: rgb(219, 219, 219); border-left-color: rgb(211, 211, 211);\"><p style=\"box-sizing: inherit; margin-right: 0px; margin-bottom: 10px; margin-left: 0px; padding: 0px; font-size: 15px; line-height: 1.5;\"><span style=\"box-sizing: inherit; font-weight: 700;\">Tần số quét</span></p></td><td style=\"box-sizing: inherit; padding: 0.5em 0.75em 0.5em 5px; vertical-align: top; text-align: center; border-top: 0px solid rgb(219, 219, 219); border-right-color: rgb(211, 211, 211); border-bottom-color: rgb(219, 219, 219); border-left-color: rgb(211, 211, 211);\"><p style=\"box-sizing: inherit; margin-right: 0px; margin-bottom: 10px; margin-left: 0px; padding: 0px; font-size: 15px; line-height: 1.5;\"><span style=\"box-sizing: inherit; font-style: inherit; font-weight: inherit; color: rgb(0, 0, 0); font-family: arial, helvetica, sans-serif;\"><span style=\"box-sizing: inherit; color: rgb(54, 54, 54); font-weight: 700;\">120Hz</span></span></p></td><td style=\"box-sizing: inherit; padding: 0.5em 0.75em 0.5em 5px; vertical-align: top; text-align: center; border-top: 0px solid rgb(219, 219, 219); border-right-color: rgb(211, 211, 211); border-bottom-color: rgb(219, 219, 219); border-left-color: rgb(211, 211, 211);\"><p style=\"box-sizing: inherit; margin-right: 0px; margin-bottom: 10px; margin-left: 0px; padding: 0px; font-size: 15px; line-height: 1.5;\"><span style=\"box-sizing: inherit; font-weight: 700;\">120Hz</span></p></td></tr><tr style=\"box-sizing: inherit;\"><td style=\"box-sizing: inherit; padding: 0.5em 0.75em 0.5em 5px; vertical-align: top; text-align: inherit; border-top: 0px solid rgb(219, 219, 219); border-right-color: rgb(211, 211, 211); border-bottom-color: rgb(219, 219, 219); border-left-color: rgb(211, 211, 211);\"><p style=\"box-sizing: inherit; margin-right: 0px; margin-bottom: 10px; margin-left: 0px; padding: 0px; font-size: 15px; line-height: 1.5;\"><span style=\"box-sizing: inherit; font-weight: 700;\">Chip xử lý</span></p></td><td style=\"box-sizing: inherit; padding: 0.5em 0.75em 0.5em 5px; vertical-align: top; text-align: center; border-top: 0px solid rgb(219, 219, 219); border-right-color: rgb(211, 211, 211); border-bottom-color: rgb(219, 219, 219); border-left-color: rgb(211, 211, 211);\"><p style=\"box-sizing: inherit; margin-right: 0px; margin-bottom: 10px; margin-left: 0px; padding: 0px; font-size: 15px; line-height: 1.5;\"><span style=\"box-sizing: inherit; font-style: inherit; font-weight: inherit; color: rgb(0, 0, 0); font-family: arial, helvetica, sans-serif;\"><span style=\"box-sizing: inherit; color: rgb(54, 54, 54); font-weight: 700;\">A16 Bionic</span></span></p></td><td style=\"box-sizing: inherit; padding: 0.5em 0.75em 0.5em 5px; vertical-align: top; text-align: center; border-top: 0px solid rgb(219, 219, 219); border-right-color: rgb(211, 211, 211); border-bottom-color: rgb(219, 219, 219); border-left-color: rgb(211, 211, 211);\"><p style=\"box-sizing: inherit; margin-right: 0px; margin-bottom: 10px; margin-left: 0px; padding: 0px; font-size: 15px; line-height: 1.5;\"><span style=\"box-sizing: inherit; font-weight: 700;\">A15 Bionic</span></p></td></tr><tr style=\"box-sizing: inherit;\"><td style=\"box-sizing: inherit; padding: 0.5em 0.75em 0.5em 5px; vertical-align: top; text-align: inherit; border-top: 0px solid rgb(219, 219, 219); border-right-color: rgb(211, 211, 211); border-bottom-color: rgb(219, 219, 219); border-left-color: rgb(211, 211, 211);\"><p style=\"box-sizing: inherit; margin-right: 0px; margin-bottom: 10px; margin-left: 0px; padding: 0px; font-size: 15px; line-height: 1.5;\"><span style=\"box-sizing: inherit; font-weight: 700;\">Dung lượng RAM</span></p></td><td style=\"box-sizing: inherit; padding: 0.5em 0.75em 0.5em 5px; vertical-align: top; text-align: center; border-top: 0px solid rgb(219, 219, 219); border-right-color: rgb(211, 211, 211); border-bottom-color: rgb(219, 219, 219); border-left-color: rgb(211, 211, 211);\"><p style=\"box-sizing: inherit; margin-right: 0px; margin-bottom: 10px; margin-left: 0px; padding: 0px; font-size: 15px; line-height: 1.5;\">6GB</p></td><td style=\"box-sizing: inherit; padding: 0.5em 0.75em 0.5em 5px; vertical-align: top; text-align: center; border-top: 0px solid rgb(219, 219, 219); border-right-color: rgb(211, 211, 211); border-bottom-color: rgb(219, 219, 219); border-left-color: rgb(211, 211, 211);\"><p style=\"box-sizing: inherit; margin-right: 0px; margin-bottom: 10px; margin-left: 0px; padding: 0px; font-size: 15px; line-height: 1.5;\">6GB</p></td></tr><tr style=\"box-sizing: inherit;\"><td style=\"box-sizing: inherit; padding: 0.5em 0.75em 0.5em 5px; vertical-align: top; text-align: inherit; border-top: 0px solid rgb(219, 219, 219); border-right-color: rgb(211, 211, 211); border-bottom-color: rgb(219, 219, 219); border-left-color: rgb(211, 211, 211);\"><p style=\"box-sizing: inherit; margin-right: 0px; margin-bottom: 10px; margin-left: 0px; padding: 0px; font-size: 15px; line-height: 1.5;\"><span style=\"box-sizing: inherit; font-weight: 700;\">Bộ nhớ trong</span></p></td><td style=\"box-sizing: inherit; padding: 0.5em 0.75em 0.5em 5px; vertical-align: top; text-align: center; border-top: 0px solid rgb(219, 219, 219); border-right-color: rgb(211, 211, 211); border-bottom-color: rgb(219, 219, 219); border-left-color: rgb(211, 211, 211);\"><p style=\"box-sizing: inherit; margin-right: 0px; margin-bottom: 10px; margin-left: 0px; padding: 0px; font-size: 15px; line-height: 1.5;\">128GB, 256GB, 512GB,&nbsp;<span style=\"box-sizing: inherit; font-style: inherit; font-weight: inherit; color: rgb(0, 0, 0); font-family: arial, helvetica, sans-serif;\"><span style=\"box-sizing: inherit; color: rgb(54, 54, 54); font-weight: 700;\">1TB</span></span></p></td><td style=\"box-sizing: inherit; padding: 0.5em 0.75em 0.5em 5px; vertical-align: top; text-align: center; border-top: 0px solid rgb(219, 219, 219); border-right-color: rgb(211, 211, 211); border-bottom-color: rgb(219, 219, 219); border-left-color: rgb(211, 211, 211);\"><p style=\"box-sizing: inherit; margin-right: 0px; margin-bottom: 10px; margin-left: 0px; padding: 0px; font-size: 15px; line-height: 1.5;\"><span style=\"box-sizing: inherit; font-style: inherit; font-weight: inherit; color: rgb(0, 0, 0); font-family: arial, helvetica, sans-serif;\">128GB, 256GB, 512GB,&nbsp;</span><span style=\"box-sizing: inherit; font-style: inherit; font-weight: inherit; color: rgb(0, 0, 0); font-family: arial, helvetica, sans-serif;\"><span style=\"box-sizing: inherit; color: rgb(54, 54, 54); font-weight: 700;\">1TB</span></span></p></td></tr><tr style=\"box-sizing: inherit;\"><td style=\"box-sizing: inherit; padding: 0.5em 0.75em 0.5em 5px; vertical-align: top; text-align: inherit; border-top: 0px solid rgb(219, 219, 219); border-right-color: rgb(211, 211, 211); border-bottom-color: rgb(219, 219, 219); border-left-color: rgb(211, 211, 211);\"><p style=\"box-sizing: inherit; margin-right: 0px; margin-bottom: 10px; margin-left: 0px; padding: 0px; font-size: 15px; line-height: 1.5;\"><span style=\"box-sizing: inherit; font-weight: 700;\">Dung lượng pin</span></p></td><td style=\"box-sizing: inherit; padding: 0.5em 0.75em 0.5em 5px; vertical-align: top; text-align: center; border-top: 0px solid rgb(219, 219, 219); border-right-color: rgb(211, 211, 211); border-bottom-color: rgb(219, 219, 219); border-left-color: rgb(211, 211, 211);\"><p style=\"box-sizing: inherit; margin-right: 0px; margin-bottom: 10px; margin-left: 0px; padding: 0px; font-size: 15px; line-height: 1.5;\"><span style=\"box-sizing: inherit; font-style: inherit; font-weight: inherit; color: rgb(0, 0, 0); font-family: arial, helvetica, sans-serif;\"><span style=\"box-sizing: inherit; color: rgb(54, 54, 54); font-weight: 700;\">4352 mAh</span></span></p></td><td style=\"box-sizing: inherit; padding: 0.5em 0.75em 0.5em 5px; vertical-align: top; text-align: center; border-top: 0px solid rgb(219, 219, 219); border-right-color: rgb(211, 211, 211); border-bottom-color: rgb(219, 219, 219); border-left-color: rgb(211, 211, 211);\"><p style=\"box-sizing: inherit; margin-right: 0px; margin-bottom: 10px; margin-left: 0px; padding: 0px; font-size: 15px; line-height: 1.5;\"><span style=\"box-sizing: inherit; font-weight: 700;\">4352 mAh</span></p></td></tr><tr style=\"box-sizing: inherit;\"><td style=\"box-sizing: inherit; padding: 0.5em 0.75em 0.5em 5px; vertical-align: top; text-align: inherit; border-top: 0px solid rgb(219, 219, 219); border-right-color: rgb(211, 211, 211); border-bottom-color: rgb(219, 219, 219); border-left-color: rgb(211, 211, 211);\"><p style=\"box-sizing: inherit; margin-right: 0px; margin-bottom: 10px; margin-left: 0px; padding: 0px; font-size: 15px; line-height: 1.5;\"><span style=\"box-sizing: inherit; font-weight: 700;\">Hỗ trợ 5G</span></p></td><td style=\"box-sizing: inherit; padding: 0.5em 0.75em 0.5em 5px; vertical-align: top; text-align: center; border-top: 0px solid rgb(219, 219, 219); border-right-color: rgb(211, 211, 211); border-bottom-color: rgb(219, 219, 219); border-left-color: rgb(211, 211, 211);\"><p style=\"box-sizing: inherit; margin-right: 0px; margin-bottom: 10px; margin-left: 0px; padding: 0px; font-size: 15px; line-height: 1.5;\">Có</p></td><td style=\"box-sizing: inherit; padding: 0.5em 0.75em 0.5em 5px; vertical-align: top; text-align: center; border-top: 0px solid rgb(219, 219, 219); border-right-color: rgb(211, 211, 211); border-bottom-color: rgb(219, 219, 219); border-left-color: rgb(211, 211, 211);\"><p style=\"box-sizing: inherit; margin-right: 0px; margin-bottom: 10px; margin-left: 0px; padding: 0px; font-size: 15px; line-height: 1.5;\">Có</p></td></tr><tr style=\"box-sizing: inherit;\"><td style=\"box-sizing: inherit; padding: 0.5em 0.75em 0.5em 5px; vertical-align: top; text-align: inherit; border-top: 0px solid rgb(219, 219, 219); border-right-color: rgb(211, 211, 211); border-bottom-color: rgb(219, 219, 219); border-left-color: rgb(211, 211, 211);\"><p style=\"box-sizing: inherit; margin-right: 0px; margin-bottom: 10px; margin-left: 0px; padding: 0px; font-size: 15px; line-height: 1.5;\"><span style=\"box-sizing: inherit; font-weight: 700;\">Camera</span></p></td><td style=\"box-sizing: inherit; padding: 0.5em 0.75em 0.5em 5px; vertical-align: top; text-align: center; border-top: 0px solid rgb(219, 219, 219); border-right-color: rgb(211, 211, 211); border-bottom-color: rgb(219, 219, 219); border-left-color: rgb(211, 211, 211);\"><p style=\"box-sizing: inherit; margin-right: 0px; margin-bottom: 10px; margin-left: 0px; padding: 0px; font-size: 15px; line-height: 1.5;\"><span style=\"box-sizing: inherit; font-weight: 700;\">48MP</span>&nbsp;+ 12MP + 12MP</p></td><td style=\"box-sizing: inherit; padding: 0.5em 0.75em 0.5em 5px; vertical-align: top; text-align: center; border-top: 0px solid rgb(219, 219, 219); border-right-color: rgb(211, 211, 211); border-bottom-color: rgb(219, 219, 219); border-left-color: rgb(211, 211, 211);\"><p style=\"box-sizing: inherit; margin-right: 0px; margin-bottom: 10px; margin-left: 0px; padding: 0px; font-size: 15px; line-height: 1.5;\"><span style=\"box-sizing: inherit; font-style: inherit; font-weight: inherit; color: rgb(0, 0, 0); font-family: arial, helvetica, sans-serif;\">12MP + 12MP + 12MP</span></p></td></tr><tr style=\"box-sizing: inherit;\"><td style=\"box-sizing: inherit; padding: 0.5em 0.75em 0.5em 5px; vertical-align: top; text-align: inherit; border-top: 0px solid rgb(219, 219, 219); border-right-color: rgb(211, 211, 211); border-bottom-color: rgb(219, 219, 219); border-left-color: rgb(211, 211, 211); border-bottom-width: 0px;\"><p style=\"box-sizing: inherit; margin-right: 0px; margin-bottom: 10px; margin-left: 0px; padding: 0px; font-size: 15px; line-height: 1.5;\"><span style=\"box-sizing: inherit; font-weight: 700;\">Màu sắc</span></p></td><td style=\"box-sizing: inherit; padding: 0.5em 0.75em 0.5em 5px; vertical-align: top; text-align: center; border-top: 0px solid rgb(219, 219, 219); border-right-color: rgb(211, 211, 211); border-bottom-color: rgb(219, 219, 219); border-left-color: rgb(211, 211, 211); border-bottom-width: 0px;\"><p style=\"box-sizing: inherit; margin-right: 0px; margin-bottom: 10px; margin-left: 0px; padding: 0px; font-size: 15px; line-height: 1.5;\"><span style=\"box-sizing: inherit; font-style: inherit; font-weight: inherit; color: rgb(0, 0, 0); font-family: arial, helvetica, sans-serif;\">Space&nbsp;Black, Silver, Gold,&nbsp;<span style=\"box-sizing: inherit; color: rgb(54, 54, 54); font-weight: 700;\">Deep&nbsp;Purple</span></span></p></td><td style=\"box-sizing: inherit; padding: 0.5em 0.75em 0.5em 5px; vertical-align: top; text-align: center; border-top: 0px solid rgb(219, 219, 219); border-right-color: rgb(211, 211, 211); border-bottom-color: rgb(219, 219, 219); border-left-color: rgb(211, 211, 211); border-bottom-width: 0px;\"><p style=\"box-sizing: inherit; margin-right: 0px; margin-bottom: 10px; margin-left: 0px; padding: 0px; font-size: 15px; line-height: 1.5;\"><span style=\"box-sizing: inherit; font-style: inherit; font-weight: inherit; color: rgb(0, 0, 0); font-family: arial, helvetica, sans-serif;\">Graphite, Silver, Gold,&nbsp;</span><span style=\"box-sizing: inherit; font-style: inherit; font-weight: inherit; color: rgb(0, 0, 0); font-family: arial, helvetica, sans-serif;\"><span style=\"box-sizing: inherit; color: rgb(54, 54, 54); font-weight: 700;\">Sierra Blue</span></span></p></td></tr></tbody></table><h2 style=\"box-sizing: inherit; margin-right: 0px; margin-bottom: 0px; margin-left: 0px; padding: 0px; font-size: 21px; font-weight: 400; color: rgb(74, 74, 74); font-family: sans-serif; text-align: justify;\"><span style=\"box-sizing: inherit; color: rgb(54, 54, 54); font-weight: 700;\">iPhone 14 Pro Max cháy hàng ngay trong ngày đầu mở bán</span></h2><p style=\"box-sizing: inherit; margin-right: 0px; margin-bottom: 10px; margin-left: 0px; padding: 0px; font-size: 15px; line-height: 1.5; color: rgb(74, 74, 74); font-family: sans-serif; text-align: justify;\"><em style=\"box-sizing: inherit;\">(Cập nhật ngày 15/10/2022)</em></p><p style=\"box-sizing: inherit; margin-right: 0px; margin-bottom: 10px; margin-left: 0px; padding: 0px; font-size: 15px; line-height: 1.5; color: rgb(74, 74, 74); font-family: sans-serif; text-align: justify;\">Chỉ trong ngày đầu mở bán, lượng khách hàng đặt mua iPhone 14 Pro Max tăng đột biến. Trong đó, phiên bản iPhone 14 Pro Max bản 128GB chỉ trong thời gian ngắn nhanh chóng hết hàng, chỉ còn lại các bản 256GB, 512GB và 1TB. Nhiều khách hàng đăng ký sau phải chờ đến đợt giao hàng tiếp theo. Dự kiến tại Việt Nam sẽ xảy ra tình trạng khan hiếm hàng trong tuần đầu trả hàng. Tại CellphoneS, bạn hoàn toàn có thể nhận được ưu đãi cực khủng khi tham gia chương trình thu cũ đổi mới và nhận hoàn tiền từ các đối tác liên kết.</p><p style=\"box-sizing: inherit; margin-right: 0px; margin-bottom: 10px; margin-left: 0px; padding: 0px; font-size: 15px; line-height: 1.5; color: rgb(74, 74, 74); font-family: sans-serif; text-align: justify;\"><img src=\"https://cdn2.cellphones.com.vn/x,webp,q100/media/wysiwyg/Phone/Apple/iphone-14/iphone-14-pro-max-10.jpg\" alt=\"iPhone 14 Pro Max\" loading=\"lazy\" style=\"box-sizing: inherit; height: auto; max-width: 100%;\"></p><h2 style=\"box-sizing: inherit; margin-right: 0px; margin-bottom: 0px; margin-left: 0px; padding: 0px; font-size: 21px; font-weight: 400; color: rgb(74, 74, 74); font-family: sans-serif; text-align: justify;\"><span style=\"box-sizing: inherit; color: rgb(54, 54, 54); font-weight: 700;\">iPhone 14 Pro Max là smartphone có màn hình tốt nhất</span></h2><p style=\"box-sizing: inherit; margin-right: 0px; margin-bottom: 10px; margin-left: 0px; padding: 0px; font-size: 15px; line-height: 1.5; color: rgb(74, 74, 74); font-family: sans-serif; text-align: justify;\"><em style=\"box-sizing: inherit;\">(Cập nhật ngày 26/9/2022)</em></p><p style=\"box-sizing: inherit; margin-right: 0px; margin-bottom: 10px; margin-left: 0px; padding: 0px; font-size: 15px; line-height: 1.5; color: rgb(74, 74, 74); font-family: sans-serif; text-align: justify;\">Theo nguồn thông tin đáng tin cậy, iPhone 14 Pro Max sở hữu màn hình được chấm điểm lên đến 149. Đây là điểm số cao nhất ở phân khúc sản phẩm cao cấp và là điểm số tốt trên thị trường. Chất lượng hiển thị được đánh giá cao, đặc biệt là khi sử dụng ở ngoài trời với độ sáng tối đa 2000 nit. Đồng thời, nhờ tần số quét cao mà màn hình cũng thích hợp để chơi game, xem phim, hoặc xem video HD.</p><p style=\"box-sizing: inherit; margin-right: 0px; margin-bottom: 10px; margin-left: 0px; padding: 0px; font-size: 15px; line-height: 1.5; color: rgb(74, 74, 74); font-family: sans-serif; text-align: justify;\"><img src=\"https://cdn2.cellphones.com.vn/x,webp,q100/media/wysiwyg/Phone/Apple/iphone-14/iphone-14-pro-max-3.jpg\" alt=\"Đánh giá iPhone 14 Pro Max \" loading=\"lazy\" style=\"box-sizing: inherit; height: auto; max-width: 100%;\"></p><p style=\"box-sizing: inherit; margin-right: 0px; margin-bottom: 10px; margin-left: 0px; padding: 0px; font-size: 15px; line-height: 1.5; color: rgb(74, 74, 74); font-family: sans-serif; text-align: justify;\">Thêm vào đó, về mặt âm thanh DxOMark còn đánh giá siêu phẩm đến từ nhà Apple thích hợp để nghe nhạc kịch, hoà tấu, kịch nói, xem phim và chơi game. Trong các danh sách sản phẩm có chất lượng âm thanh tốt, iPhone 14 Pro Max xếp hạng nằm ở vị trí thứ 9 với 142 điểm.</p>', b'0', 24695000, '08289652', 'iPhone 14 Pro Max 128GB | Chính hãng VN/A', '#apple#iphone#iphone14promax', 1, 'iPhone 14 Pro Max là mẫu flagship nổi bật nhất của Apple trong lần trở lại năm 2022 với nhiều cải tiến về công nghệ cũng như vẻ ngoài cao cấp, sang chảnh hợp với gu thẩm mỹ đại chúng.', '2023-05-28 20:07:18.710000', 1, 1);
INSERT INTO `product` VALUES (3, 5900000, '<p style=\"margin-right: 0px; margin-bottom: 10px; margin-left: 0px; color: rgb(51, 51, 51); font-family: SFProDisplayRegular; text-align: justify;\"><span style=\"font-family: Arial;\"><strong style=\"font-weight: bold;\">Tại sự kiện Far Out 2022 vừa qua, Apple đã giới thiệu đến người dùng hàng loạt sản phẩm mới, nổi bật trong đó có đồng hồ thông minh Apple Watch SE (2022) GPS 44mm. Đây là mẫu smartwatch giá rẻ mới nhất của hãng, hứa hẹn sẽ khiến các iFans thích thú khi sở hữu nhiều trang bị vô cùng hấp dẫn.</strong></span></p><p style=\"margin-right: 0px; margin-bottom: 10px; margin-left: 0px; color: rgb(51, 51, 51); font-family: SFProDisplayRegular; text-align: justify;\"><span style=\"font-family: Arial;\"><strong style=\"font-weight: bold;\">Thiết kế sang trọng, cuốn hút đậm chất Apple</strong></span></p><p style=\"margin-right: 0px; margin-bottom: 10px; margin-left: 0px; color: rgb(51, 51, 51); font-family: SFProDisplayRegular; text-align: justify;\"><span style=\"font-family: Arial;\">Nhìn tổng thể, Apple Watch SE (2022) GPS 44mm&nbsp;vẫn giữ kiểu thiết kế tương tự như bản tiền nhiệm nhưng đã được cải tiến màn hình lớn hơn 30%, mang đến cho người một không gian hiển thị rộng rãi hơn. Bên cạnh đó, tấm nền OLED cùng độ phân giải 324 x 394 pixels cũng cho trải nghiệm thị giác tuyệt vời trong bất cứ điều kiện ánh sáng nào.</span></p><p style=\"margin-right: 0px; margin-bottom: 10px; margin-left: 0px; color: rgb(51, 51, 51); font-family: SFProDisplayRegular; text-align: center;\"><span style=\"font-family: Arial;\"><img alt=\"\" src=\"https://imgs.viettelstore.vn/Images/Product/ProductImage/dong-ho-thong-minh/Apple/2022/Apple%20Watch%20SE/Apple-Watch-SE-2022-GPS-40mm-1.jpg\" style=\"border: 0px;\"></span></p><p style=\"margin-right: 0px; margin-bottom: 10px; margin-left: 0px; color: rgb(51, 51, 51); font-family: SFProDisplayRegular; text-align: center;\"><span style=\"font-family: Arial;\"><em>Thiết kế sang trọng, cuốn hút đậm chất Apple</em></span></p><p style=\"margin-right: 0px; margin-bottom: 10px; margin-left: 0px; color: rgb(51, 51, 51); font-family: SFProDisplayRegular; text-align: justify;\"><span style=\"font-family: Arial;\">Apple Watch SE (2022) cung cấp 3 phiên bản màu là Đen Midnight, Vàng Starlight và Bạc Silver. Phần viền màn hình tràn cạnh giúp mọi thứ trở nên hấp dẫn hơn. Ngoài ra, đồng hồ cũng rất thân thiện với môi trường khi được làm từ nhôm tái chế 100%, cùng phần vỏ thiết kế theo quy trình sản xuất mới giúp giảm lượng khí thải carbon hơn 80%.&nbsp;</span></p><p style=\"margin-right: 0px; margin-bottom: 10px; margin-left: 0px; color: rgb(51, 51, 51); font-family: SFProDisplayRegular; text-align: justify;\"><span style=\"font-family: Arial;\">Với thiết kế sang trọng, thời thượng, Apple Watch SE (2022) sẽ luôn tỏa sáng trên cổ tay của bạn và không bao giờ lỗi thời. Thêm vào đó, bạn có thể thay đổi và tùy biến dây đeo theo sở thích để cảm nhận sự mới mẻ mỗi ngày.</span></p><p style=\"margin-right: 0px; margin-bottom: 10px; margin-left: 0px; color: rgb(51, 51, 51); font-family: SFProDisplayRegular; text-align: justify;\"><span style=\"font-family: Arial;\"><strong style=\"font-weight: bold;\">Bộ vi xử lý S8 SiP hoàn toàn mới cho hiệu suất nhanh hơn&nbsp;</strong></span></p><p style=\"margin-right: 0px; margin-bottom: 10px; margin-left: 0px; color: rgb(51, 51, 51); font-family: SFProDisplayRegular; text-align: justify;\"><span style=\"font-family: Arial;\">Một trong những nâng cấp đáng giá trên Apple Watch SE (2022) chính là bộ vi xử lý S8 SiP mới và mạnh mẽ nhất. Theo Apple, với bộ chipset được cải tiến, đồng hồ sẽ cho khả năng xử lý các tác vụ nhanh hơn đến 20% so với thế hệ tiền nhiệm. Hứa hẹn sẽ mang đến cho bạn những trải nghiệm nhanh chóng, mượt mà và rất ổn định trong nhiều năm tới.</span></p><p style=\"margin-right: 0px; margin-bottom: 10px; margin-left: 0px; color: rgb(51, 51, 51); font-family: SFProDisplayRegular; text-align: center;\"><span style=\"font-family: Arial;\"><img alt=\"\" src=\"https://imgs.viettelstore.vn/Images/Product/ProductImage/dong-ho-thong-minh/Apple/2022/Apple%20Watch%20SE/Apple-Watch-SE-2022-GPS-40mm-2.jpg\" style=\"border: 0px;\"></span></p><p style=\"margin-right: 0px; margin-bottom: 10px; margin-left: 0px; color: rgb(51, 51, 51); font-family: SFProDisplayRegular; text-align: center;\"><span style=\"font-family: Arial;\"><em>Bộ vi xử lý S8 SiP hoàn toàn mới cho hiệu suất nhanh hơn</em></span></p><p style=\"margin-right: 0px; margin-bottom: 10px; margin-left: 0px; color: rgb(51, 51, 51); font-family: SFProDisplayRegular; text-align: justify;\"><span style=\"font-family: Arial;\">Ngay khi lên kệ, Apple Watch SE (2022) sẽ được cài đặt sẵn hệ điều hành WatchOS 9 mới nhất. Được biết, Apple đã bổ sung nhiều tính năng cao cấp từ tiện ích đến chăm sóc sức khoẻ nâng cao trên hệ điều hành này. Nổi bật trong số đó có thể kể đến là các tính năng tập luyện chi tiết hơn, dữ liệu chuyên sâu về giấc ngủ lần đầu tiên và theo dõi thuốc.&nbsp;</span></p><p style=\"margin-right: 0px; margin-bottom: 10px; margin-left: 0px; color: rgb(51, 51, 51); font-family: SFProDisplayRegular; text-align: justify;\"><span style=\"font-family: Arial;\">Bên cạnh đó, người dùng cũng sẽ nhận được tùy chọn cho các thông báo kiểu biểu ngữ (thay vì những thông báo chiếm toàn màn hình), các tính năng thiết lập gia đình mới và mặt đồng hồ mới tùy chỉnh. Tuy nhiên cần lưu ý là thiết bị chỉ tương thích với dòng iPhone 8 trở lên và sử dụng hệ điều hành phiên bản mới nhất.</span></p>', b'0', 4580000, 'd20c10132', 'Apple Watch SE 2022  Like New', '#applewatch#apple#se#2022', 1, 'Đồng hồ thông minh Apple Watch SE 2022 được trang bị con chip Apple S8 cùng tính năng ấn tượng như phát hiện té ngã và tai nạn thông minh.', '2023-05-28 20:43:34.520000', 6, 2);
INSERT INTO `product` VALUES (4, 31590000, '<p style=\"margin-right: 0px; margin-bottom: 10px; margin-left: 0px; color: rgb(51, 51, 51); font-family: SFProDisplayRegular; text-align: justify;\"><span style=\"font-family: Arial;\"><strong style=\"font-weight: bold;\">Samsung Galaxy S23 Ultra viết tiếp huyền thoại từ người tiền nhiệm. Không hào nhoáng về diện mạo nhưng S23 Ultra vẫn thể hiện được nét đẹp bền vững theo thời gian. Đặc biệt, đem đến cho người dùng sức mạnh đỉnh cao từ camera 200MP và vi xử lý Snapdragon 8 Gen 2 độc quyền.</strong></span><span style=\"font-size: 9pt; text-align: left;\">&nbsp;</span></p><div class=\"video-responsive\" style=\"color: rgb(51, 51, 51); font-family: SFProDisplayRegular; text-align: center;\"><iframe width=\"560\" height=\"315\" src=\"https://www.youtube.com/embed/neSbmtFXaQc\" title=\"YouTube video player\" frameborder=\"0\" allow=\"accelerometer; autoplay; clipboard-write; encrypted-media; gyroscope; picture-in-picture; web-share\"></iframe>&nbsp;</div><p class=\"video-responsive\" style=\"margin-right: 0px; margin-bottom: 10px; margin-left: 0px; color: rgb(51, 51, 51); font-family: SFProDisplayRegular; text-align: center;\"><span style=\"font-family: Arial;\"><em>Galaxy S23 Ultra có bộ khung vuông vức, tạo cảm giác cho mọi người nhớ về dòng Note nhiều. Máy vuông vức, cầm rất là chắc, mạnh mẽ</em></span></p><p style=\"margin-right: 0px; margin-bottom: 10px; margin-left: 0px; color: rgb(51, 51, 51); font-family: SFProDisplayRegular; text-align: justify;\"><span style=\"font-family: Arial;\"><strong style=\"font-weight: bold;\">Samsung Galaxy S23 Ultra – Viết tiếp câu chuyện bền vững</strong></span><span style=\"font-size: 9pt; text-align: left;\">&nbsp;</span></p><p style=\"margin-right: 0px; margin-bottom: 10px; margin-left: 0px; color: rgb(51, 51, 51); font-family: SFProDisplayRegular; text-align: center;\"><span style=\"font-family: Arial;\"><img alt=\"\" src=\"https://imgs.viettelstore.vn/Images/Product/ProductImage/dien-thoai/Samsung/1.%20Nam%202023/Galaxy%20S23%20Ultra/Galaxy-S23-Ultra-1.jpg\" style=\"border: 0px;\"></span></p><p style=\"margin-right: 0px; margin-bottom: 10px; margin-left: 0px; color: rgb(51, 51, 51); font-family: SFProDisplayRegular; text-align: center;\"><span style=\"font-family: Arial;\"><em>Thiết kế Galaxy S23 Ultra</em></span></p><p style=\"margin-right: 0px; margin-bottom: 10px; margin-left: 0px; color: rgb(51, 51, 51); font-family: SFProDisplayRegular; text-align: justify;\"><span style=\"font-family: Arial;\">Thiết kế Galaxy S23 Ultra tương tự phiên bản tiền nhiệm: khỏe khoắn, sang trọng và đẳng cấp. Tuy nhiên,&nbsp;<strong style=\"font-weight: bold;\"><a href=\"https://viettelstore.vn/samsung\" style=\"background-image: initial; background-position: initial; background-size: initial; background-repeat: initial; background-attachment: initial; background-origin: initial; background-clip: initial; color: rgb(51, 122, 183);\">Samsung</a></strong>&nbsp;đã có một vài tinh chỉnh nhỏ nhằm giúp S23 Ultra hoàn thiện hơn. Màn hình giảm độ cong, ống kính camera lớn hơn và đặc biệt các chất liệu sử dụng được thay đổi chuyển sang xu hướng bền vững và thân thiện môi trường.</span></p><p style=\"margin-right: 0px; margin-bottom: 10px; margin-left: 0px; color: rgb(51, 51, 51); font-family: SFProDisplayRegular; text-align: center;\"><span style=\"font-family: Arial;\"><img alt=\"\" src=\"https://imgs.viettelstore.vn/Images/Product/ProductImage/dien-thoai/Samsung/1.%20Nam%202023/Galaxy%20S23%20Ultra/Galaxy-S23-Ultra-4.jpg\" style=\"border: 0px;\"></span></p><p style=\"margin-right: 0px; margin-bottom: 10px; margin-left: 0px; color: rgb(51, 51, 51); font-family: SFProDisplayRegular; text-align: center;\"><span style=\"font-family: Arial;\"><em>Sử dụng các vật liệu tái chế</em></span></p><p style=\"margin-right: 0px; margin-bottom: 10px; margin-left: 0px; color: rgb(51, 51, 51); font-family: SFProDisplayRegular; text-align: justify;\"><span style=\"font-family: Arial;\">Sự kết hợp hoàn hảo giữa lớp kính tái chế, khung viền kim loại cao cấp và các tùy chọn màu sắc độc quyền đã giúp Samsung Galaxy S23 Ultra trở thành một tuyệt tác nghệ thuật.&nbsp;</span></p><p style=\"margin-right: 0px; margin-bottom: 10px; margin-left: 0px; color: rgb(51, 51, 51); font-family: SFProDisplayRegular; text-align: center;\"><span style=\"font-family: Arial;\"><img alt=\"\" src=\"https://imgs.viettelstore.vn/Images/Product/ProductImage/dien-thoai/Samsung/1.%20Nam%202023/Galaxy%20S23%20Ultra/NewFolder/Galaxy-S23-Ultra-6.jpg\" style=\"border: 0px;\"></span></p>', b'0', 26590000, '757c3839', 'Samsung Galaxy S23 Ultra 8/256GB', '#samsung#s23#galaxy', 1, 'Samsung Galaxy S23 Ultra viết tiếp huyền thoại từ người tiền nhiệm. Không hào nhoáng về diện mạo nhưng S23 Ultra vẫn thể hiện được nét đẹp bền vững theo thời gian', '2023-05-29 23:17:25.743000', 3, 3);
INSERT INTO `product` VALUES (5, 26590000, '<p style=\"margin-right: 0px; margin-bottom: 10px; margin-left: 0px; color: rgb(51, 51, 51); font-family: SFProDisplayRegular; text-align: justify;\"><span style=\"font-family: Arial;\"><strong style=\"font-weight: bold;\">Samsung Galaxy S23 Plus ghi điểm với màn lột xác ấn tượng từ ngoại hình đến phần cứng bên trong. Thiết kế vì một môi trường xanh kết hợp vi xử lý 4nm siêu mạnh mẽ, camera chụp ảnh xuyên màn đêm chắc chắn sẽ đem đến những trải nghiệm tuyệt vời nhất cho người dùng.&nbsp;</strong></span></p><p style=\"margin-right: 0px; margin-bottom: 10px; margin-left: 0px; color: rgb(51, 51, 51); font-family: SFProDisplayRegular; text-align: center;\"><span style=\"font-family: Arial;\"><img alt=\"\" src=\"https://imgs.viettelstore.vn/Images/Product/ProductImage/dien-thoai/Samsung/1.%20Nam%202023/Galaxy%20S23%20Plus/Galaxy-S23-Plus-1.jpg\" style=\"border: 0px;\"></span></p><p style=\"margin-right: 0px; margin-bottom: 10px; margin-left: 0px; color: rgb(51, 51, 51); font-family: SFProDisplayRegular; text-align: center;\"><span style=\"font-family: Arial;\"><em>Galaxy S23 Plus</em></span></p><p style=\"margin-right: 0px; margin-bottom: 10px; margin-left: 0px; color: rgb(51, 51, 51); font-family: SFProDisplayRegular; text-align: justify;\"><span style=\"font-family: Arial;\"><strong style=\"font-weight: bold;\">Thiết kế Galaxy S23 Plus thời thượng, thân thiện môi trường</strong></span></p><p style=\"margin-right: 0px; margin-bottom: 10px; margin-left: 0px; color: rgb(51, 51, 51); font-family: SFProDisplayRegular; text-align: justify;\"><span style=\"font-family: Arial;\">Samsung Galaxy S23 Plus tiếp tục kế thừa phong cách thiết kế sang trọng, hiện đại và cao cấp từ dòng Galaxy S. Tuy nhiên, một số thay đổi nhỏ đã giúp Galaxy S23 Plus trở nên nổi bật và thu hút hơn. Cụm camera rườm rà được được loại bỏ tạo sự thanh thoát hơn cho S23 Plus. Khung viền nhôm cao cấp bền bỉ dưới các tác động ngoại lực trong suốt quá trình sử dụng.&nbsp;</span></p><p style=\"margin-right: 0px; margin-bottom: 10px; margin-left: 0px; color: rgb(51, 51, 51); font-family: SFProDisplayRegular; text-align: center;\"><span style=\"font-family: Arial;\"><img alt=\"\" src=\"https://imgs.viettelstore.vn/Images/Product/ProductImage/dien-thoai/Samsung/1.%20Nam%202023/Galaxy%20S23%20Plus/Galaxy-S23-Plus-2.jpg\" style=\"border: 0px;\"></span></p><p style=\"margin-right: 0px; margin-bottom: 10px; margin-left: 0px; color: rgb(51, 51, 51); font-family: SFProDisplayRegular; text-align: center;\"><span style=\"font-family: Arial;\"><em>Galaxy S23 Plus có diện mạo hoàn toàn mới</em></span></p><p style=\"margin-right: 0px; margin-bottom: 10px; margin-left: 0px; color: rgb(51, 51, 51); font-family: SFProDisplayRegular; text-align: justify;\"><span style=\"font-family: Arial;\">Đặc biệt, Galaxy S23 Plus năm nay đi kèm các tùy chọn màu sắc gần thiên nhiên hơn với 4 tùy chọn: Xanh Botanic, Kem Cotton, Tím Lilac, và Đen Phantom.</span></p><p style=\"margin-right: 0px; margin-bottom: 10px; margin-left: 0px; color: rgb(51, 51, 51); font-family: SFProDisplayRegular; text-align: center;\"><span style=\"font-family: Arial;\"><img alt=\"\" src=\"https://imgs.viettelstore.vn/Images/Product/ProductImage/dien-thoai/Samsung/1.%20Nam%202023/Galaxy%20S23%20Plus/Galaxy-S23-Plus-3.jpg\" style=\"border: 0px;\"></span></p><p style=\"margin-right: 0px; margin-bottom: 10px; margin-left: 0px; color: rgb(51, 51, 51); font-family: SFProDisplayRegular; text-align: center;\"><span style=\"font-family: Arial;\"><em>Màu sắc tươi mới đến từ thiên nhiên</em></span></p><p style=\"margin-right: 0px; margin-bottom: 10px; margin-left: 0px; color: rgb(51, 51, 51); font-family: SFProDisplayRegular; text-align: justify;\"><span style=\"font-family: Arial;\">Các chất liệu tái chế được Samsung sử dụng khá nhiều trong quá trình thiết kế Samsung Galaxy S23 Plus như: kính tái chế, lớp phim phủ PET tái chế, bao bì giấy,… Qua đó biến S23 Plus trở thành smartphone thân thiện môi trường hơn.</span></p><p style=\"margin-right: 0px; margin-bottom: 10px; margin-left: 0px; color: rgb(51, 51, 51); font-family: SFProDisplayRegular; text-align: justify;\"><span style=\"font-family: Arial;\"><strong style=\"font-weight: bold;\">Camera bắt trọn chất đêm</strong></span></p><p style=\"margin-right: 0px; margin-bottom: 10px; margin-left: 0px; color: rgb(51, 51, 51); font-family: SFProDisplayRegular; text-align: justify;\"><span style=\"font-family: Arial;\">Galaxy S23 Plus được trang bị hệ thống 3 camera sau vào 1 camera selfie. Trong đó 3 camera sau gồm: cảm biến chính 50MP, cảm biến góc siêu rộng 12MP, cảm biến tele zoom 3X 10MP và camera trước 12MP.</span></p><p style=\"margin-right: 0px; margin-bottom: 10px; margin-left: 0px; color: rgb(51, 51, 51); font-family: SFProDisplayRegular; text-align: center;\"><span style=\"font-family: Arial;\"><img alt=\"\" src=\"https://imgs.viettelstore.vn/Images/Product/ProductImage/dien-thoai/Samsung/1.%20Nam%202023/Galaxy%20S23%20Plus/Galaxy-S23-Plus-4.jpg\" style=\"border: 0px;\"></span></p><p style=\"margin-right: 0px; margin-bottom: 10px; margin-left: 0px; color: rgb(51, 51, 51); font-family: SFProDisplayRegular; text-align: center;\"><span style=\"font-family: Arial;\"><em>Hệ thống camera trên Samsung Galaxy S23 Plus</em></span></p><p style=\"margin-right: 0px; margin-bottom: 10px; margin-left: 0px; color: rgb(51, 51, 51); font-family: SFProDisplayRegular; text-align: justify;\"><span style=\"font-family: Arial;\">Với điện thoại Samsung Galaxy S23 Plus, bạn sẽ có trong tay một chiếc máy ảnh chuyên nghiệp với cảm biến thông minh, khả năng thu sáng siêu nhanh đem đến mọi bức hình sắc nét và sáng rõ, đặc biệt trong điều kiện thiếu sáng.</span></p>', b'0', 21256000, '1bad3249', 'Samsung Galaxy S23 Plus 8/256GB', '#samsung#s23plus#galaxy', 1, 'Samsung Galaxy S23 Plus ghi điểm với màn lột xác ấn tượng từ ngoại hình đến phần cứng bên trong. Thiết kế vì một môi trường xanh kết hợp vi xử lý 4nm siêu mạnh mẽ', '2023-05-29 23:19:46.776000', 3, 3);
INSERT INTO `product` VALUES (6, 16690000, '<h2 style=\"color: rgb(34, 34, 34); font-family: arial, verdana, sans-serif; text-align: justify;\">Laptop HP 14s-dp5054TU 6R9M7PA (i5-1235U/ 8Gb/ 256GB SSD/ 14HD/ VGA ON/ Win 11/ Silver)&nbsp;</h2><p style=\"color: rgb(34, 34, 34); font-family: arial, verdana, sans-serif; text-align: justify;\">Không chỉ sở hữu mức giá phải chăng cùng chính sách bảo hành chính hãng lên tới 12 tháng, HP 14s-dp5054TU 6R9M7PA còn cho bạn nhiều hơn thế để bạn yên tâm chiến thắng mọi deadline. Cùng Phúc Anh điểm&nbsp;qua em laptop này ngay thôi nào! Gét gô!!!</p><p style=\"color: rgb(34, 34, 34); font-family: arial, verdana, sans-serif; text-align: justify;\"><img src=\"https://phucanhcdn.com/media/lib/24-08-2022/laptop-hp-14s-fq1065au-4k0z5pa--a2.gif\" alt=\"Laptop HP 14s-dp5054TU 6R9M7PA\" width=\"891\" height=\"616\" style=\"border-width: initial; border-color: initial; border-image: initial; max-width: 100%; height: auto; display: block; margin-left: auto; margin-right: auto;\"></p><h3 style=\"color: rgb(34, 34, 34); font-family: arial, verdana, sans-serif; text-align: justify;\">Bạn cần gì HP đều cung cấp ngay trên HP 14s-dp5054T</h3><p style=\"color: rgb(34, 34, 34); font-family: arial, verdana, sans-serif; text-align: justify;\">Điểm quan trọng tiên quyết định sự xuống tay của khách hàng không chỉ là hiệu năng khủng hay độ mỏng nhẹ mà còn là ở chất lượng của màn hình.</p><p style=\"color: rgb(34, 34, 34); font-family: arial, verdana, sans-serif; text-align: justify;\">Tuy chỉ thuộc phân khúc&nbsp;<span style=\"color: rgb(0, 0, 255);\"><a href=\"https://www.phucanh.vn/laptop-hoc-tap-van-phong.html\" style=\"color: rgb(0, 0, 255);\">laptop học tập văn phòng</a></span>&nbsp;nhưng HP 14s vẫn được&nbsp;<span style=\"color: rgb(0, 0, 255);\"><a href=\"https://www.phucanh.vn/may-tinh-xach-tay-laptop-hp.html\" style=\"color: rgb(0, 0, 255);\">máy tính xách tay HP</a></span>&nbsp;ưu ái trang bị tấm màn&nbsp;<strong>14 inch</strong>&nbsp;cùng&nbsp;<strong>độ phân giải HD (1366 x 768)</strong>,<strong>&nbsp;tần số quét 60Hz</strong>. Ưu điểm của màn hình HP là màu sắc chính xác, tính năng này của màn hình sẽ giúp cho bạn làm việc và giải trí hiệu quả hơn. Từ đó những khung hình sắc nét với mảng màu sắc tươi mới đáp ứng tốt các nhu cầu sử dụng bình thường của bạn như lướt web, xem phim,... đồng thiết tiết kiệm điện đáng kể hơn so với các dòng khác.</p><p style=\"color: rgb(34, 34, 34); font-family: arial, verdana, sans-serif; text-align: justify;\"><img src=\"https://phucanhcdn.com/media/lib/24-08-2022/laptop-hp-14s-a1.gif\" alt=\"Laptop HP 14s-dp5054TU 6R9M7PA\" width=\"758\" height=\"790\" style=\"border-width: initial; border-color: initial; border-image: initial; max-width: 100%; height: auto; display: block; margin-left: auto; margin-right: auto;\"></p><p style=\"color: rgb(34, 34, 34); font-family: arial, verdana, sans-serif; text-align: justify;\">Đồng hành tốt trên mọi hành trình vì HP còn hỗ trợ đầy đủ các cổng kết nối thông dụng để nhập xuất dữ liệu dễ dàng hơn, thuận tiện sử dụng với chuột, bàn phím rời hoặc các thiết bị trình chiếu khác để thuyết trình như: cổng USB 3.1 Gen 1, cổng HDMI, cổng USB 3.1 Type-C,...&nbsp;</p><div><br></div>', b'0', 15690000, '1abc5210', 'Laptop HP 14s-dp5054TU 6R9M7PA (i5-1235U/ 8Gb/ 256GB SSD/ 14HD/ VGA ON/ Win 11/ Silver)', '#laptophp#laptop14inch#i5-1235U', 1, 'Không chỉ sở hữu mức giá phải chăng cùng chính sách bảo hành chính hãng lên tới 12 tháng, HP 14s-dp5054TU 6R9M7PA còn cho bạn nhiều hơn thế để bạn yên tâm chiến thắng mọi deadline. Cùng Phúc Anh điểm qua em laptop này ngay thôi nào! Gét gô!!!', '2023-05-29 23:24:42.159000', 4, 3);
INSERT INTO `product` VALUES (7, 10000000, '<h3 style=\"margin: 20px 0px 15px; padding: 0px; font-variant-numeric: normal; font-variant-east-asian: normal; font-variant-alternates: normal; font-kerning: auto; font-optical-sizing: auto; font-feature-settings: normal; font-variation-settings: normal; font-stretch: normal; font-size: 20px; line-height: 28px; font-family: Arial, Helvetica, sans-serif; color: rgb(51, 51, 51); outline: none;\"><a href=\"https://www.thegioididong.com/dtdd/samsung-galaxy-s23-ultra\" target=\"_blank\" title=\"Tham khảo điện thoại Samsung Galaxy S23 Ultra 5G 256GB tại Thế Giới Di Động\" style=\"margin: 0px; padding: 0px; transition-duration: 0.2s; color: rgb(47, 128, 237); font-variant-numeric: normal; font-variant-east-asian: normal; font-variant-alternates: normal; font-kerning: auto; font-optical-sizing: auto; font-feature-settings: normal; font-variation-settings: normal; font-weight: bold; font-stretch: normal; line-height: 18px; outline: none;\">Samsung Galaxy S23 Ultra 5G 256GB</a>&nbsp;là chiếc smartphone cao cấp nhất của nhà Samsung, sở hữu cấu hình không tưởng với con chip khủng được&nbsp;Qualcomm tối ưu riêng cho dòng Galaxy&nbsp;và camera lên đến 200 MP, xứng danh là chiếc flagship Android được mong đợi nhất trong năm 2023.</h3><h3 style=\"margin: 20px 0px 15px; padding: 0px; font-variant-numeric: normal; font-variant-east-asian: normal; font-variant-alternates: normal; font-kerning: auto; font-optical-sizing: auto; font-feature-settings: normal; font-variation-settings: normal; font-stretch: normal; font-size: 20px; line-height: 28px; font-family: Arial, Helvetica, sans-serif; color: rgb(51, 51, 51); outline: none;\">Tạo hình sang trọng đầy tinh tế</h3><p style=\"margin-right: 0px; margin-bottom: 10px; margin-left: 0px; padding: 0px; margin-block: 0px; text-rendering: geometricprecision; font-size: 16px; line-height: 1.5; color: rgb(51, 51, 51); font-family: Arial, Helvetica, sans-serif;\">Về thiết kế thì Samsung Galaxy S23 Ultra sẽ tiếp tục thừa hưởng kiểu dáng sang trọng đến từ thế hệ trước, vẫn là bộ khung kim loại, mặt lưng kính cùng kiểu tạo hình bo cong nhẹ ở cạnh bên và màn hình.</p><p style=\"margin-right: 0px; margin-bottom: 10px; margin-left: 0px; padding: 0px; margin-block: 0px; text-rendering: geometricprecision; font-size: 16px; line-height: 1.5; color: rgb(51, 51, 51); font-family: Arial, Helvetica, sans-serif;\"><a class=\"preventdefault\" href=\"https://cdn.tgdd.vn/Products/Images/42/249948/samsung-galaxy-s23-ultra-150423-020326.jpg\" style=\"margin: 0px; padding: 0px; transition-duration: 0.2s; color: rgb(47, 128, 237); cursor: default;\"><img alt=\"Thiết kế sang trọng - Samsung Galaxy S23 Ultra 5G 256GB\" data-src=\"https://cdn.tgdd.vn/Products/Images/42/249948/samsung-galaxy-s23-ultra-150423-020326.jpg\" class=\" lazyloaded\" title=\"Thiết kế sang trọng - Samsung Galaxy S23 Ultra 5G 256GB\" src=\"https://cdn.tgdd.vn/Products/Images/42/249948/samsung-galaxy-s23-ultra-150423-020326.jpg\" style=\"margin: 20px auto; padding: 0px; border: 0px; max-width: 100%; display: block; height: auto !important;\"></a></p><p style=\"margin-right: 0px; margin-bottom: 10px; margin-left: 0px; padding: 0px; margin-block: 0px; text-rendering: geometricprecision; font-size: 16px; line-height: 1.5; color: rgb(51, 51, 51); font-family: Arial, Helvetica, sans-serif;\">Tuy nhiên kiểu bo cong này sẽ hơi thiên hướng phẳng một chút so với S22 Ultra, điều này mang đến cho mình trải nghiệm cầm nắm chắc tay hơn, song cũng mang lại cảm giác dễ chịu cho những lúc sử dụng liên tục trong thời gian dài.</p><p style=\"margin-right: 0px; margin-bottom: 10px; margin-left: 0px; padding: 0px; margin-block: 0px; text-rendering: geometricprecision; font-size: 16px; line-height: 1.5; color: rgb(51, 51, 51); font-family: Arial, Helvetica, sans-serif;\">Về màu sắc, năm nay Samsung cũng đã cho ra các phiên bản màu như: Tím, kem, xanh và đen. Nhìn chung thì đây là những màu sắc cực kỳ sang trọng và lịch lãm, phù hợp cho các bạn trẻ năng động, mạnh mẽ và đặc biệt là những khách hàng đang là doanh nhân bởi ngoại hình đẳng cấp và thanh lịch.</p><p style=\"margin-right: 0px; margin-bottom: 10px; margin-left: 0px; padding: 0px; margin-block: 0px; text-rendering: geometricprecision; font-size: 16px; line-height: 1.5; color: rgb(51, 51, 51); font-family: Arial, Helvetica, sans-serif;\">Hiện trên tay mình là bản màu xanh đặc trưng của Samsung, màu này vừa đem đến sự trẻ trung tươi mới và cũng vừa mang trên mình một gam màu tối để có thể giữ được vẻ huyền bí đầy mê hoặc.</p><p style=\"margin-right: 0px; margin-bottom: 10px; margin-left: 0px; padding: 0px; margin-block: 0px; text-rendering: geometricprecision; font-size: 16px; line-height: 1.5; color: rgb(51, 51, 51); font-family: Arial, Helvetica, sans-serif;\"><a class=\"preventdefault\" href=\"https://cdn.tgdd.vn/Products/Images/42/249948/samsung-galaxy-s23-ultra-150423-020336.jpg\" style=\"margin: 0px; padding: 0px; transition-duration: 0.2s; color: rgb(47, 128, 237); cursor: default;\"><img alt=\"Màu sắc mê hoặc - Samsung Galaxy S23 Ultra 5G 256GB\" data-src=\"https://cdn.tgdd.vn/Products/Images/42/249948/samsung-galaxy-s23-ultra-150423-020336.jpg\" class=\" lazyloaded\" title=\"Màu sắc mê hoặc - Samsung Galaxy S23 Ultra 5G 256GB\" src=\"https://cdn.tgdd.vn/Products/Images/42/249948/samsung-galaxy-s23-ultra-150423-020336.jpg\" style=\"margin: 20px auto; padding: 0px; border: 0px; max-width: 100%; display: block; height: auto !important;\"></a></p><p style=\"margin-right: 0px; margin-bottom: 10px; margin-left: 0px; padding: 0px; margin-block: 0px; text-rendering: geometricprecision; font-size: 16px; line-height: 1.5; color: rgb(51, 51, 51); font-family: Arial, Helvetica, sans-serif;\">Ở mặt lưng ta có thể thấy Samsung trang bị cho máy một lớp kính cường lực có khả năng chống va đập tốt, được làm theo kiểu nhám nhẹ giúp cho việc bám dấu vân tay gần như không thấy xuất hiện trong quá trình mình trải nghiệm.</p>', b'0', 9590000, '41ab7733', 'Điện thoại Samsung Galaxy S23 Ultra 5G 256GB', '#samsung#s23#galaxy', 1, 'Về thiết kế thì Samsung Galaxy S23 Ultra sẽ tiếp tục thừa hưởng kiểu dáng sang trọng đến từ thế hệ trước, vẫn là bộ khung kim loại, mặt lưng kính cùng kiểu tạo hình bo cong nhẹ ở cạnh bên và màn hình.', '2023-06-04 21:00:12.564000', 3, 1);

-- ----------------------------
-- Table structure for product_img
-- ----------------------------
DROP TABLE IF EXISTS `product_img`;
CREATE TABLE `product_img`  (
  `img_id` int NOT NULL AUTO_INCREMENT,
  `img_name` varchar(255) CHARACTER SET utf8mb4 COLLATE utf8mb4_0900_ai_ci NOT NULL,
  `product_id` int NULL DEFAULT NULL,
  PRIMARY KEY (`img_id`) USING BTREE,
  INDEX `FKbnvmhern60vx5hlvaa3ba9u8h`(`product_id` ASC) USING BTREE,
  CONSTRAINT `FKbnvmhern60vx5hlvaa3ba9u8h` FOREIGN KEY (`product_id`) REFERENCES `product` (`product_id`) ON DELETE RESTRICT ON UPDATE RESTRICT
) ENGINE = InnoDB AUTO_INCREMENT = 14 CHARACTER SET = utf8mb4 COLLATE = utf8mb4_0900_ai_ci ROW_FORMAT = Dynamic;

-- ----------------------------
-- Records of product_img
-- ----------------------------
INSERT INTO `product_img` VALUES (1, 'https://res.cloudinary.com/dddb8btv0/image/upload/v1685279055/yzpip2xa80cxddai5yr0.webp', 1);
INSERT INTO `product_img` VALUES (2, 'https://res.cloudinary.com/dddb8btv0/image/upload/v1685279056/rfujjmlyusd0fm1ckqm9.webp', 1);
INSERT INTO `product_img` VALUES (3, 'https://res.cloudinary.com/dddb8btv0/image/upload/v1685279058/la8ar245brokvxwccqaf.webp', 1);
INSERT INTO `product_img` VALUES (4, 'https://res.cloudinary.com/dddb8btv0/image/upload/v1685279239/s1kdcewvq2caun04kamo.webp', 2);
INSERT INTO `product_img` VALUES (5, 'https://res.cloudinary.com/dddb8btv0/image/upload/v1685279240/rwuw0abfdldzrdbodc3i.webp', 2);
INSERT INTO `product_img` VALUES (6, 'https://res.cloudinary.com/dddb8btv0/image/upload/v1685281415/hxpnztoblaqp3mmdnjnc.webp', 3);
INSERT INTO `product_img` VALUES (7, 'https://res.cloudinary.com/dddb8btv0/image/upload/v1685281416/yayu9eqvknxuhguxvhvg.jpg', 3);
INSERT INTO `product_img` VALUES (8, 'https://res.cloudinary.com/dddb8btv0/image/upload/v1685377044/d9ponuvhmtr23jfov8bu.jpg', 4);
INSERT INTO `product_img` VALUES (9, 'https://res.cloudinary.com/dddb8btv0/image/upload/v1685377046/iz4zjfvkl0okldfnfa0w.jpg', 4);
INSERT INTO `product_img` VALUES (10, 'https://res.cloudinary.com/dddb8btv0/image/upload/v1685377186/qbfnxigtcrtxmevffj4s.jpg', 5);
INSERT INTO `product_img` VALUES (11, 'https://res.cloudinary.com/dddb8btv0/image/upload/v1685377188/jrmenlnjuslnyjqit4bg.jpg', 5);
INSERT INTO `product_img` VALUES (12, 'https://res.cloudinary.com/dddb8btv0/image/upload/v1685377482/utbrgxhbutmuprvujzkq.jpg', 6);
INSERT INTO `product_img` VALUES (13, 'https://res.cloudinary.com/dddb8btv0/image/upload/v1685377483/yhoagm1qwa5kjeqnmqyt.jpg', 6);
INSERT INTO `product_img` VALUES (14, 'https://res.cloudinary.com/dddb8btv0/image/upload/v1685887213/nfyzwbw5b1cddgy1hnii.jpg', 7);
INSERT INTO `product_img` VALUES (15, 'https://res.cloudinary.com/dddb8btv0/image/upload/v1685887214/vpv1yczsn1wn9xjp815b.jpg', 7);

-- ----------------------------
-- Table structure for product_tag
-- ----------------------------
DROP TABLE IF EXISTS `product_tag`;
CREATE TABLE `product_tag`  (
  `ptag_id` bigint NOT NULL AUTO_INCREMENT,
  `detail` varchar(255) CHARACTER SET utf8mb4 COLLATE utf8mb4_0900_ai_ci NOT NULL,
  `name` varchar(255) CHARACTER SET utf8mb4 COLLATE utf8mb4_0900_ai_ci NOT NULL,
  PRIMARY KEY (`ptag_id`) USING BTREE
) ENGINE = InnoDB AUTO_INCREMENT = 9 CHARACTER SET = utf8mb4 COLLATE = utf8mb4_0900_ai_ci ROW_FORMAT = Dynamic;

-- ----------------------------
-- Records of product_tag
-- ----------------------------
INSERT INTO `product_tag` VALUES (1, 'San pham tu apple', 'Apple');
INSERT INTO `product_tag` VALUES (2, 'Dien thoai Iphone', 'iPhone');
INSERT INTO `product_tag` VALUES (3, 'Dien Thoai Samsung', 'Samsung');
INSERT INTO `product_tag` VALUES (4, 'May tinh ban Ipad', 'Ipad');
INSERT INTO `product_tag` VALUES (5, 'Macbook', 'Macbook');
INSERT INTO `product_tag` VALUES (6, 'IMac', 'iMac');
INSERT INTO `product_tag` VALUES (7, 'Xiaomi', 'Xiaomi');
INSERT INTO `product_tag` VALUES (8, 'Laptop', 'HP');

-- ----------------------------
-- Table structure for role
-- ----------------------------
DROP TABLE IF EXISTS `role`;
CREATE TABLE `role`  (
  `role_id` int NOT NULL AUTO_INCREMENT,
  `description` varchar(255) CHARACTER SET utf8mb4 COLLATE utf8mb4_0900_ai_ci NULL DEFAULT NULL,
  `NAME` varchar(20) CHARACTER SET utf8mb4 COLLATE utf8mb4_0900_ai_ci NOT NULL,
  PRIMARY KEY (`role_id`) USING BTREE
) ENGINE = InnoDB AUTO_INCREMENT = 5 CHARACTER SET = utf8mb4 COLLATE = utf8mb4_0900_ai_ci ROW_FORMAT = Dynamic;

-- ----------------------------
-- Records of role
-- ----------------------------
INSERT INTO `role` VALUES (1, 'Quản tri vien', 'ROLE_ADMIN');
INSERT INTO `role` VALUES (2, 'Nha cung cap san pham', 'ROLE_SUPPLIER');
INSERT INTO `role` VALUES (3, 'Nguoi dung', 'ROLE_USER');
INSERT INTO `role` VALUES (4, 'Nguoi dung chua dang ky tai khoan', 'ROLE_GUEST');

-- ----------------------------
-- Table structure for supplier
-- ----------------------------
DROP TABLE IF EXISTS `supplier`;
CREATE TABLE `supplier`  (
  `supplier_id` int NOT NULL AUTO_INCREMENT,
  `createDate` date NOT NULL,
  `isActive` bit(1) NOT NULL,
  `level_supp` int NOT NULL,
  `rating` int NOT NULL,
  `owner_id` int NULL DEFAULT NULL,
  PRIMARY KEY (`supplier_id`) USING BTREE,
  INDEX `FKap38m2kjnyqojmsejdrqhyft2`(`owner_id` ASC) USING BTREE,
  CONSTRAINT `FKap38m2kjnyqojmsejdrqhyft2` FOREIGN KEY (`owner_id`) REFERENCES `user` (`user_id`) ON DELETE RESTRICT ON UPDATE RESTRICT
) ENGINE = InnoDB AUTO_INCREMENT = 5 CHARACTER SET = utf8mb4 COLLATE = utf8mb4_0900_ai_ci ROW_FORMAT = Dynamic;

-- ----------------------------
-- Records of supplier
-- ----------------------------
INSERT INTO `supplier` VALUES (1, '2023-05-28', b'1', 1, 0, 2);
INSERT INTO `supplier` VALUES (2, '2023-05-28', b'1', 1, 0, 4);
INSERT INTO `supplier` VALUES (3, '2023-05-29', b'1', 1, 0, 5);
INSERT INTO `supplier` VALUES (4, '2023-05-30', b'1', 1, 0, 7);

-- ----------------------------
-- Table structure for user
-- ----------------------------
DROP TABLE IF EXISTS `user`;
CREATE TABLE `user`  (
  `user_id` int NOT NULL AUTO_INCREMENT,
  `avatar` varchar(255) CHARACTER SET utf8mb4 COLLATE utf8mb4_0900_ai_ci NULL DEFAULT NULL,
  `createDate` date NOT NULL,
  `email` varchar(50) CHARACTER SET utf8mb4 COLLATE utf8mb4_0900_ai_ci NOT NULL,
  `firstName` varchar(50) CHARACTER SET utf8mb4 COLLATE utf8mb4_0900_ai_ci NOT NULL,
  `isActive` bit(1) NOT NULL,
  `lastName` varchar(50) CHARACTER SET utf8mb4 COLLATE utf8mb4_0900_ai_ci NOT NULL,
  `level_user` int NOT NULL,
  `password` varchar(255) CHARACTER SET utf8mb4 COLLATE utf8mb4_0900_ai_ci NOT NULL,
  `phone_number` varchar(10) CHARACTER SET utf8mb4 COLLATE utf8mb4_0900_ai_ci NOT NULL,
  `role_id` int NULL DEFAULT NULL,
  PRIMARY KEY (`user_id`) USING BTREE,
  INDEX `FKn82ha3ccdebhokx3a8fgdqeyy`(`role_id` ASC) USING BTREE,
  CONSTRAINT `FKn82ha3ccdebhokx3a8fgdqeyy` FOREIGN KEY (`role_id`) REFERENCES `role` (`role_id`) ON DELETE RESTRICT ON UPDATE RESTRICT
) ENGINE = InnoDB AUTO_INCREMENT = 8 CHARACTER SET = utf8mb4 COLLATE = utf8mb4_0900_ai_ci ROW_FORMAT = Dynamic;

-- ----------------------------
-- Records of user
-- ----------------------------
INSERT INTO `user` VALUES (1, 'default', '2023-05-28', 'admin.cms@rec.com', 'ADMIN CMS', b'1', 'ROOT', 1, '$2a$10$TY2NCfpf0uGv8rSaHpRNIeB9GqDi3GCSODU0DLldfoEf79hgShBk6', '9000000001', 1);
INSERT INTO `user` VALUES (2, 'default', '2023-05-28', 'tdat.it2k2@gmail.com', 'Trần', b'1', 'Đạt', 1, '$2a$10$WyRqozcVXY9OUv5xWNAkH.VPJU99eU9hIAhDoaQNsqpE.OMG8GViK', '0393546167', 2);
INSERT INTO `user` VALUES (3, 'default', '2023-05-28', 'aibiet2098@gmail.com', 'Đạt', b'1', 'Trần', 1, '$2a$10$w.eSU30Ic4oBiwxpUoioQOyjHLY./KwbkQIkyFW4z9Gle13frjT22', '0383546167', 3);
INSERT INTO `user` VALUES (4, 'default', '2023-05-28', '20110457@student.hcmute.edu.vn', 'Đạt 2', b'1', 'Trần', 1, '$2a$10$ZwB76sccDLwUhSktVIvSvu0kqc5LA.2kh/I4MhaVatUr2VkLI3lTy', '0373546167', 2);
INSERT INTO `user` VALUES (5, 'default', '2023-05-29', '20110188@student.hcmute.edu.vn', 'Châu', b'0', 'Minh', 1, '$2a$10$c8Qn3MnQYrde5F7lD6x7CuFWhPnSImb/LXvL6qx.4uETVsIcOCnVy', '0393546188', 2);
INSERT INTO `user` VALUES (6, 'default', '2023-05-30', 'ngochai06122002@gmail.com', 'Hai', b'1', 'LE TRUONG NGOC', 1, '$2a$10$jsAyXGf1HwGc.4k9j5ASv.RqX4xJO83yuRREnhXSRY/txRm8weZb.', '0814069391', 3);
INSERT INTO `user` VALUES (7, 'default', '2023-05-30', 'admin@recaution.com', 'Nguyễn', b'0', 'Hoàng', 1, '$2a$10$lU/LPZntG2OguFzg0WavQ.x3ceuWP9f/t4M.G/21cq.D9l/mbYrj6', '0703508176', 2);
INSERT INTO `user` VALUES (8, 'default', '2023-06-04', '20110012@student.hcmute.edu.vn', 'Toàn', b'1', 'Thanh', 1, '$2a$10$wUpDmnx2m39CogJkmNzkm.YuFtGnb9tFLJ2URrHJJJi4IPXfirhg2', '0393146188', 3);

-- ----------------------------
-- Table structure for verification_token
-- ----------------------------
DROP TABLE IF EXISTS `verification_token`;
CREATE TABLE `verification_token`  (
  `id` bigint NOT NULL,
  `expiryDate` date NULL DEFAULT NULL,
  `token` varchar(255) CHARACTER SET utf8mb4 COLLATE utf8mb4_0900_ai_ci NULL DEFAULT NULL,
  `user_id` int NOT NULL,
  PRIMARY KEY (`id`) USING BTREE,
  INDEX `FKrdn0mss276m9jdobfhhn2qogw`(`user_id` ASC) USING BTREE,
  CONSTRAINT `FKrdn0mss276m9jdobfhhn2qogw` FOREIGN KEY (`user_id`) REFERENCES `user` (`user_id`) ON DELETE RESTRICT ON UPDATE RESTRICT
) ENGINE = InnoDB CHARACTER SET = utf8mb4 COLLATE = utf8mb4_0900_ai_ci ROW_FORMAT = Dynamic;

-- ----------------------------
-- Records of verification_token
-- ----------------------------
INSERT INTO `verification_token` VALUES (1, '2023-05-29', 'ca3a4950-aa49-4294-8098-1a8b77271631', 1);
INSERT INTO `verification_token` VALUES (5, '2023-05-30', '0fa96417-5f26-4e49-84af-36c2c47b5cfa', 5);
INSERT INTO `verification_token` VALUES (7, '2023-05-31', '5e569005-c13b-4830-965a-81f1cbe134b6', 7);

-- ----------------------------
-- Table structure for wallet
-- ----------------------------
DROP TABLE IF EXISTS `wallet`;
CREATE TABLE `wallet`  (
  `wallet_id` int NOT NULL AUTO_INCREMENT,
  `account_balance` double NOT NULL,
  `isActive` bit(1) NOT NULL,
  `wallet_number` varchar(12) CHARACTER SET utf8mb4 COLLATE utf8mb4_0900_ai_ci NULL DEFAULT NULL,
  `user_id` int NULL DEFAULT NULL,
  PRIMARY KEY (`wallet_id`) USING BTREE,
  INDEX `FKbs4ogwiknsup4rpw8d47qw9dx`(`user_id` ASC) USING BTREE,
  CONSTRAINT `FKbs4ogwiknsup4rpw8d47qw9dx` FOREIGN KEY (`user_id`) REFERENCES `user` (`user_id`) ON DELETE RESTRICT ON UPDATE RESTRICT
) ENGINE = InnoDB AUTO_INCREMENT = 5 CHARACTER SET = utf8mb4 COLLATE = utf8mb4_0900_ai_ci ROW_FORMAT = Dynamic;

-- ----------------------------
-- Records of wallet
-- ----------------------------
INSERT INTO `wallet` VALUES (1, 11181922, b'1', 'fd6109630609', 2);
INSERT INTO `wallet` VALUES (2, 3946940, b'1', '6a1e67790510', 3);
INSERT INTO `wallet` VALUES (3, 0, b'1', '61ef09436076', 4);
INSERT INTO `wallet` VALUES (4, 10000046, b'1', 'b6fe00663116', 6);
INSERT INTO `wallet` VALUES (5, 1999914, b'1', '7f7159146126', 8);

-- ----------------------------
-- Table structure for wallet_history
-- ----------------------------
DROP TABLE IF EXISTS `wallet_history`;
CREATE TABLE `wallet_history`  (
  `no_history` int NOT NULL AUTO_INCREMENT,
  `createDate` datetime(6) NOT NULL,
  `payment_id` varchar(255) CHARACTER SET utf8mb4 COLLATE utf8mb4_0900_ai_ci NULL DEFAULT NULL,
  `type` bit(1) NOT NULL,
  `value` double NOT NULL,
  `wallet_id` int NULL DEFAULT NULL,
  PRIMARY KEY (`no_history`) USING BTREE,
  INDEX `FKaypgevyjgo8rhxa57cx8x9m58`(`wallet_id` ASC) USING BTREE,
  CONSTRAINT `FKaypgevyjgo8rhxa57cx8x9m58` FOREIGN KEY (`wallet_id`) REFERENCES `wallet` (`wallet_id`) ON DELETE RESTRICT ON UPDATE RESTRICT
) ENGINE = InnoDB AUTO_INCREMENT = 8 CHARACTER SET = utf8mb4 COLLATE = utf8mb4_0900_ai_ci ROW_FORMAT = Dynamic;

-- ----------------------------
-- Records of wallet_history
-- ----------------------------
INSERT INTO `wallet_history` VALUES (1, '2023-05-28 20:08:40.258000', 'PAYID-MRZVETI9AY22319FK181623A', b'1', 11999960, 1);
INSERT INTO `wallet_history` VALUES (2, '2023-05-28 20:09:05.586000', 'PAYID-MRZVE2Y4YY403113M153712S', b'1', 99960, 1);
INSERT INTO `wallet_history` VALUES (3, '2023-05-28 20:29:05.137000', 'PAYID-MRZVOFI3C5280829S931942L', b'1', 2999990, 2);
INSERT INTO `wallet_history` VALUES (4, '2023-05-28 20:34:25.344000', 'PAYID-MRZVQXA1GX05359AE3795245', b'1', 4999904, 2);
INSERT INTO `wallet_history` VALUES (5, '2023-05-28 20:46:36.514000', 'CHARGE ORDER', b'0', 3517000, 2);
INSERT INTO `wallet_history` VALUES (6, '2023-05-29 23:31:47.387000', 'PAYID-MR2NGZQ2V34018021756803M', b'1', 20000092, 1);
INSERT INTO `wallet_history` VALUES (7, '2023-05-29 23:33:33.395000', 'CHARGE ORDER', b'0', 20918090, 1);
INSERT INTO `wallet_history` VALUES (8, '2023-05-30 18:37:09.456000', 'PAYID-MR2557Y3HJ98780FE771103F', b'1', 10000046, 4);
INSERT INTO `wallet_history` VALUES (9, '2023-06-04 20:56:40.281000', 'PAYID-MR6JQDI08325723SK3376813', b'1', 1999914, 5);
INSERT INTO `wallet_history` VALUES (10, '2023-06-04 21:10:38.950000', 'PAYID-MR6JWWQ38S44853L9426724E', b'1', 10000046, 2);
INSERT INTO `wallet_history` VALUES (11, '2023-06-04 21:11:10.434000', 'CHARGE ORDER', b'0', 10536000, 2);

SET FOREIGN_KEY_CHECKS = 1;
